-- MySQL dump 10.13  Distrib 8.0.45, for Linux (x86_64)
--
-- Host: mysql-pw-liberty-05bc.k.aivencloud.com    Database: defaultdb
-- ------------------------------------------------------
-- Server version	8.0.45

/*!40101 SET @OLD_CHARACTER_SET_CLIENT=@@CHARACTER_SET_CLIENT */;
/*!40101 SET @OLD_CHARACTER_SET_RESULTS=@@CHARACTER_SET_RESULTS */;
/*!40101 SET @OLD_COLLATION_CONNECTION=@@COLLATION_CONNECTION */;
/*!50503 SET NAMES utf8mb4 */;
/*!40103 SET @OLD_TIME_ZONE=@@TIME_ZONE */;
/*!40103 SET TIME_ZONE='+00:00' */;
/*!40014 SET @OLD_UNIQUE_CHECKS=@@UNIQUE_CHECKS, UNIQUE_CHECKS=0 */;
/*!40014 SET @OLD_FOREIGN_KEY_CHECKS=@@FOREIGN_KEY_CHECKS, FOREIGN_KEY_CHECKS=0 */;
/*!40101 SET @OLD_SQL_MODE=@@SQL_MODE, SQL_MODE='NO_AUTO_VALUE_ON_ZERO' */;
/*!40111 SET @OLD_SQL_NOTES=@@SQL_NOTES, SQL_NOTES=0 */;

--
-- Table structure for table `chapters`
--

DROP TABLE IF EXISTS `chapters`;
/*!40101 SET @saved_cs_client     = @@character_set_client */;
/*!50503 SET character_set_client = utf8mb4 */;
CREATE TABLE `chapters` (
  `id` bigint NOT NULL AUTO_INCREMENT,
  `subject_id` bigint NOT NULL,
  `name` varchar(255) NOT NULL,
  `updated_at` timestamp NOT NULL DEFAULT CURRENT_TIMESTAMP ON UPDATE CURRENT_TIMESTAMP,
  `created_at` timestamp NOT NULL DEFAULT CURRENT_TIMESTAMP,
  PRIMARY KEY (`id`),
  UNIQUE KEY `uniq_chapter_subject_name` (`subject_id`,`name`),
  CONSTRAINT `fk_chapter_subject` FOREIGN KEY (`subject_id`) REFERENCES `subjects` (`id`)
) ENGINE=InnoDB AUTO_INCREMENT=174 DEFAULT CHARSET=utf8mb4 COLLATE=utf8mb4_0900_ai_ci;
/*!40101 SET character_set_client = @saved_cs_client */;

--
-- Dumping data for table `chapters`
--

LOCK TABLES `chapters` WRITE;
/*!40000 ALTER TABLE `chapters` DISABLE KEYS */;
INSERT INTO `chapters` VALUES (1,1,'Ch 01 :  Introduction to Signals & Systems','2026-02-11 16:48:34','2026-02-11 16:48:34'),(2,2,'Ch 01 : Basics of Network Theory','2026-02-11 16:59:00','2026-02-11 16:59:00'),(3,3,'CH 01 : Basics Of Computer System','2026-02-11 17:07:46','2026-02-11 17:07:46'),(14,14,'CH 01 : Introduction','2026-02-11 17:26:09','2026-02-11 17:26:09'),(19,19,'JEE Mains Revision','2026-02-11 17:34:56','2026-02-11 17:34:56'),(21,1,'Ch 11 : Extra Topic (Digital Filters)','2026-02-11 17:36:52','2026-02-11 17:36:52'),(62,62,'Ch 01 : Basic of Control Systems','2026-02-11 18:31:42','2026-02-11 18:31:42'),(63,63,'CH 01 : Prerequisites of Engineering Mathematics','2026-02-11 18:36:31','2026-02-11 18:36:31'),(64,19,'JEE Advance Revision','2026-02-11 18:37:39','2026-02-11 18:37:39'),(65,19,'Revision Session','2026-02-11 18:37:55','2026-02-11 18:37:55'),(67,19,'Advanced Session','2026-02-11 18:38:11','2026-02-11 18:38:11'),(68,19,'Ch-01 : Motion in a Straight Line','2026-02-11 18:38:27','2026-02-11 18:38:27'),(69,19,'Ch-02 : Motion in a Plane','2026-02-11 18:38:41','2026-02-11 18:38:41'),(70,19,'Ch-03 : Newton\'s Laws of Motion','2026-02-11 18:38:54','2026-02-11 18:38:54'),(71,19,'Ch-04 : Work , Energy and Power','2026-02-11 18:39:09','2026-02-11 18:39:09'),(72,19,'Ch-05 : Centre of Mass','2026-02-11 18:39:24','2026-02-11 18:39:24'),(73,19,'Ch-06 : System of Particles and Rotational Motion','2026-02-11 18:39:39','2026-02-11 18:39:39'),(74,19,'Ch-07 : Mechanical Properties of Solids','2026-02-11 18:39:52','2026-02-11 18:39:52'),(75,19,'Ch-08 : Mechanical Properties of Fluids','2026-02-11 18:40:07','2026-02-11 18:40:07'),(77,62,'Ch 09 : Controller and Compensator','2026-02-11 18:40:18','2026-02-11 18:40:18'),(79,19,'Ch-09 : Thermal Properties of Matter','2026-02-11 18:40:26','2026-02-11 18:40:26'),(80,19,'Ch-10 : KTG and Thermodynamics','2026-02-11 18:40:43','2026-02-11 18:40:43'),(81,19,'Ch-11 : Simple Harmonic Motion','2026-02-11 18:40:57','2026-02-11 18:40:57'),(82,19,'Ch-12 : Waves','2026-02-11 18:41:11','2026-02-11 18:41:11'),(83,19,'Ch-13 : Dual Nature','2026-02-11 18:41:26','2026-02-11 18:41:26'),(84,19,'Ch-14 : Electric Charges and Fields','2026-02-11 18:41:40','2026-02-11 18:41:40'),(86,19,'Ch-15 : Electrostatic Potential','2026-02-11 18:41:54','2026-02-11 18:41:54'),(88,19,'Ch-16 : Gravitation','2026-02-11 18:42:08','2026-02-11 18:42:08'),(89,19,'Ch-17 : Current Electricity','2026-02-11 18:42:23','2026-02-11 18:42:23'),(90,19,'Ch-18 : Capacitor','2026-02-11 18:42:38','2026-02-11 18:42:38'),(91,19,'Ch-19: Atoms','2026-02-11 18:42:52','2026-02-11 18:42:52'),(92,19,'Ch- 20 : Semiconductors','2026-02-11 18:43:07','2026-02-11 18:43:07'),(93,19,'Ch-21: Nuclei','2026-02-11 18:43:22','2026-02-11 18:43:22'),(94,19,'Ch-22 : Magnetic Effect of Current','2026-02-11 18:43:36','2026-02-11 18:43:36'),(95,19,'Ch-23 : Communication System','2026-02-11 18:43:55','2026-02-11 18:43:55'),(96,19,'Ch 24 : Electromagnetic Induction','2026-02-11 18:44:12','2026-02-11 18:44:12'),(98,19,'Ch- 25 : Alternating Current','2026-02-11 18:44:28','2026-02-11 18:44:28'),(99,19,'Ch- 26 : Electromagnetic Wave','2026-02-11 18:44:45','2026-02-11 18:44:45'),(100,19,'Ch- 27 : Units & Measurements','2026-02-11 18:45:02','2026-02-11 18:45:02'),(101,19,'Ch-28 : Ray Optics','2026-02-11 18:45:19','2026-02-11 18:45:19'),(102,19,'Ch-29 : Wave Optics , Magnetism and Matter','2026-02-11 18:45:36','2026-02-11 18:45:36'),(103,19,'Ch-30 : Wave Optics','2026-02-11 18:45:52','2026-02-11 18:45:52'),(152,152,'CH 01 : Analog communication - AM & FM','2026-02-11 19:07:03','2026-02-11 19:07:03'),(153,153,'Interactive Session (Video Only)','2026-02-11 19:07:47','2026-02-11 19:07:47'),(155,155,'CH 01 : Analysis of Algorithms','2026-02-12 05:47:57','2026-02-12 05:47:57'),(156,156,'CH 01 : Intro to C++','2026-02-12 07:46:13','2026-02-12 07:46:13'),(166,166,'CH 03 : Spatial Aptitude','2026-02-12 08:25:18','2026-02-12 08:25:18');
/*!40000 ALTER TABLE `chapters` ENABLE KEYS */;
UNLOCK TABLES;

--
-- Table structure for table `courses`
--

DROP TABLE IF EXISTS `courses`;
/*!40101 SET @saved_cs_client     = @@character_set_client */;
/*!50503 SET character_set_client = utf8mb4 */;
CREATE TABLE `courses` (
  `id` bigint NOT NULL AUTO_INCREMENT,
  `batch_id` varchar(128) NOT NULL,
  `batch_slug` varchar(128) DEFAULT NULL,
  `name` varchar(255) DEFAULT NULL,
  `updated_at` timestamp NOT NULL DEFAULT CURRENT_TIMESTAMP ON UPDATE CURRENT_TIMESTAMP,
  `created_at` timestamp NOT NULL DEFAULT CURRENT_TIMESTAMP,
  PRIMARY KEY (`id`),
  UNIQUE KEY `uniq_course_batch` (`batch_id`)
) ENGINE=InnoDB AUTO_INCREMENT=62 DEFAULT CHARSET=utf8mb4 COLLATE=utf8mb4_0900_ai_ci;
/*!40101 SET character_set_client = @saved_cs_client */;

--
-- Dumping data for table `courses`
--

LOCK TABLES `courses` WRITE;
/*!40000 ALTER TABLE `courses` DISABLE KEYS */;
INSERT INTO `courses` VALUES (1,'6816e8e352761af1b7cc1990','vijay-gate-2026-rank-improvement-batch-c---electronics-073458','Vijay GATE 2026 Rank Improvement Batch C - Electronics','2026-02-11 16:48:34','2026-02-11 16:48:34'),(3,'65009b8da16ad00018ae49c0','shreshth-gate-2026---psus---placement-preparation-batch---b-computer-science-972549','SHRESHTH GATE 2026 + PSUs + Placement Preparation Batch - B Computer Science','2026-02-11 17:07:46','2026-02-11 17:07:46'),(19,'628b50055b231b0018a8712c','prayas-2023-617434','Prayas 2023','2026-02-11 17:34:54','2026-02-11 17:34:54');
/*!40000 ALTER TABLE `courses` ENABLE KEYS */;
UNLOCK TABLES;

--
-- Table structure for table `dpp_backups`
--

DROP TABLE IF EXISTS `dpp_backups`;
/*!40101 SET @saved_cs_client     = @@character_set_client */;
/*!50503 SET character_set_client = utf8mb4 */;
CREATE TABLE `dpp_backups` (
  `id` bigint NOT NULL AUTO_INCREMENT,
  `batch_id` varchar(128) NOT NULL,
  `lecture_id` varchar(128) NOT NULL,
  `kind` varchar(64) DEFAULT NULL,
  `file_path` text,
  `file_size` bigint DEFAULT NULL,
  `telegram_chat_id` varchar(128) DEFAULT NULL,
  `telegram_message_id` varchar(128) DEFAULT NULL,
  `telegram_file_id` varchar(255) DEFAULT NULL,
  `metadata` json DEFAULT NULL,
  `status` varchar(32) NOT NULL DEFAULT 'pending',
  `error_text` text,
  `updated_at` timestamp NOT NULL DEFAULT CURRENT_TIMESTAMP ON UPDATE CURRENT_TIMESTAMP,
  `created_at` timestamp NOT NULL DEFAULT CURRENT_TIMESTAMP,
  PRIMARY KEY (`id`),
  UNIQUE KEY `uniq_dpp` (`batch_id`,`lecture_id`)
) ENGINE=InnoDB DEFAULT CHARSET=utf8mb4 COLLATE=utf8mb4_0900_ai_ci;
/*!40101 SET character_set_client = @saved_cs_client */;

--
-- Dumping data for table `dpp_backups`
--

LOCK TABLES `dpp_backups` WRITE;
/*!40000 ALTER TABLE `dpp_backups` DISABLE KEYS */;
/*!40000 ALTER TABLE `dpp_backups` ENABLE KEYS */;
UNLOCK TABLES;

--
-- Table structure for table `lecture_jobs`
--

DROP TABLE IF EXISTS `lecture_jobs`;
/*!40101 SET @saved_cs_client     = @@character_set_client */;
/*!50503 SET character_set_client = utf8mb4 */;
CREATE TABLE `lecture_jobs` (
  `id` bigint NOT NULL AUTO_INCREMENT,
  `batch_id` varchar(128) NOT NULL,
  `batch_slug` varchar(128) DEFAULT NULL,
  `course_name` varchar(255) DEFAULT NULL,
  `lecture_id` varchar(128) NOT NULL,
  `subject_slug` varchar(128) DEFAULT NULL,
  `subject_name` varchar(255) DEFAULT NULL,
  `chapter_name` varchar(255) DEFAULT NULL,
  `lecture_name` varchar(255) DEFAULT NULL,
  `start_time` varchar(64) DEFAULT NULL,
  `teacher_ids` text,
  `teacher_names` text,
  `status` varchar(32) NOT NULL DEFAULT 'pending',
  `server_id` varchar(128) DEFAULT NULL,
  `file_path` text,
  `file_size` bigint DEFAULT NULL,
  `upload_bytes` bigint DEFAULT NULL,
  `upload_total` bigint DEFAULT NULL,
  `upload_percent` float DEFAULT NULL,
  `telegram_chat_id` varchar(128) DEFAULT NULL,
  `telegram_message_id` varchar(128) DEFAULT NULL,
  `telegram_file_id` varchar(255) DEFAULT NULL,
  `error_text` text,
  `updated_at` timestamp NOT NULL DEFAULT CURRENT_TIMESTAMP ON UPDATE CURRENT_TIMESTAMP,
  `created_at` timestamp NOT NULL DEFAULT CURRENT_TIMESTAMP,
  PRIMARY KEY (`id`),
  UNIQUE KEY `uniq_batch_lecture` (`batch_id`,`lecture_id`)
) ENGINE=InnoDB AUTO_INCREMENT=179 DEFAULT CHARSET=utf8mb4 COLLATE=utf8mb4_0900_ai_ci;
/*!40101 SET character_set_client = @saved_cs_client */;

--
-- Dumping data for table `lecture_jobs`
--

LOCK TABLES `lecture_jobs` WRITE;
/*!40000 ALTER TABLE `lecture_jobs` DISABLE KEYS */;
INSERT INTO `lecture_jobs` VALUES (1,'6816e8e352761af1b7cc1990','vijay-gate-2026-rank-improvement-batch-c---electronics-073458','Vijay GATE 2026 Rank Improvement Batch C - Electronics','686e070566b99c2b6213415a','signals-and-systems-051698','signals-and-systems','Ch 01 :  Introduction to Signals & Systems','Digital Filters By Sujal Sir','2025-07-10 03:30:00+00:00','6330406b58902c001c232d2f',NULL,'done','codespaces-2b33cd',NULL,NULL,NULL,NULL,NULL,'-1003382065361','95','BAACAgUAAyEGAATJljjRAANfaYyzDLexdAaQAnnYFlA3bq1_tpIAAmYeAALL7mhUXvQg_wOW-AEeBA',NULL,'2026-02-11 16:49:17','2026-02-11 16:48:35'),(2,'6816e8e352761af1b7cc1990','vijay-gate-2026-rank-improvement-batch-c---electronics-073458','Vijay GATE 2026 Rank Improvement Batch C - Electronics','68e9dbd7ce8c800c7a1188ae','network-theory-354456','network-theory','Ch 01 : Basics of Network Theory','Lec 06 : Miscellaneous (Part 06) || Extra Class (14/7/25)','2025-10-11 06:00:00+00:00','641bfaf71fb7b80018bda43e',NULL,'done','3ff62f4c-7f5b-4afa-a1fc-78cfe7be7991',NULL,NULL,NULL,NULL,NULL,'-1003382065361','104','BAACAgUAAyEGAATJljjRAANoaYy6lMYbQYvKKtc3Y60O63S-hpQAAnweAALL7mhUyJTlRgQulhseBA',NULL,'2026-02-11 17:21:26','2026-02-11 16:59:03'),(3,'65009b8da16ad00018ae49c0','shreshth-gate-2026---psus---placement-preparation-batch---b-computer-science-972549','SHRESHTH GATE 2026 + PSUs + Placement Preparation Batch - B Computer Science','67cdce2eae6a9577102bfca7','basics-of-computer-system-597983','basics-of-computer-system','CH 01 : Basics Of Computer System','Basics Of Computer System 10 : Basics of Data Structures || Recorded','2025-02-09 11:30:00+00:00','65cefec6b3274c00184487e1',NULL,'done','server.codetechfoundation.tech',NULL,NULL,NULL,NULL,NULL,'-1003382065361','96','BAACAgUAAyEGAATJljjRAANgaYy3sIyGGAoVBRxRt69Y2rsUaiUAAnQeAALL7mhUPIzeNkn8Fe4eBA',NULL,'2026-02-11 17:09:04','2026-02-11 17:07:47'),(4,'65009b8da16ad00018ae49c0','shreshth-gate-2026---psus---placement-preparation-batch---b-computer-science-972549','SHRESHTH GATE 2026 + PSUs + Placement Preparation Batch - B Computer Science','67cdcdfe255aed3de04ba671','basics-of-computer-system-597983','basics-of-computer-system','CH 01 : Basics Of Computer System','Basics Of Computer System 09 : Basics of Operating System || Recorded ||','2025-02-09 10:30:00+00:00','65cefec6b3274c00184487e1',NULL,'done','server.codetechfoundation.tech',NULL,NULL,NULL,NULL,NULL,'-1003382065361','97','BAACAgUAAyEGAATJljjRAANhaYy3-t4LqlezGm6OLvUeo-IgoAADdR4AAsvuaFQG5aggzRxW8h4E',NULL,'2026-02-11 17:10:19','2026-02-11 17:09:05'),(5,'65009b8da16ad00018ae49c0','shreshth-gate-2026---psus---placement-preparation-batch---b-computer-science-972549','SHRESHTH GATE 2026 + PSUs + Placement Preparation Batch - B Computer Science','67cdcdd03044f0dd3ca56a50','basics-of-computer-system-597983','basics-of-computer-system','CH 01 : Basics Of Computer System','Basics Of Computer System 08 : Memory System || Recorded || @ Reschedule @10:30PM','2025-02-09 09:30:00+00:00','65cefec6b3274c00184487e1',NULL,'done','server.codetechfoundation.tech',NULL,NULL,NULL,NULL,NULL,'-1003382065361','98','BAACAgUAAyEGAATJljjRAANiaYy4OXHwAAFxSoO7p1ert0HgFDNJAAJ2HgACy-5oVGJUYfGGgGblHgQ',NULL,'2026-02-11 17:11:22','2026-02-11 17:10:20'),(6,'65009b8da16ad00018ae49c0','shreshth-gate-2026---psus---placement-preparation-batch---b-computer-science-972549','SHRESHTH GATE 2026 + PSUs + Placement Preparation Batch - B Computer Science','67cdcc9cdd2999dd730d0e9b','basics-of-computer-system-597983','basics-of-computer-system','CH 01 : Basics Of Computer System','Basics Of Computer System 07 : Various Terminologies || Recorded','2025-02-09 08:30:00+00:00','65cefec6b3274c00184487e1',NULL,'done','server.codetechfoundation.tech',NULL,NULL,NULL,NULL,NULL,'-1003382065361','99','BAACAgUAAyEGAATJljjRAANjaYy4evBEQVNFDn9hrhmoiKSZhqQAAnceAALL7mhUAAErbZcO_QHOHgQ',NULL,'2026-02-11 17:12:26','2026-02-11 17:11:23'),(7,'65009b8da16ad00018ae49c0','shreshth-gate-2026---psus---placement-preparation-batch---b-computer-science-972549','SHRESHTH GATE 2026 + PSUs + Placement Preparation Batch - B Computer Science','67cdcc6667766d848a9378b7','basics-of-computer-system-597983','basics-of-computer-system','CH 01 : Basics Of Computer System','Basics Of Computer  System 06 : Units & Conversions || Recorded','2025-02-09 07:30:00+00:00','65cefec6b3274c00184487e1',NULL,'done','server.codetechfoundation.tech',NULL,NULL,NULL,NULL,NULL,'-1003382065361','100','BAACAgUAAyEGAATJljjRAANkaYy4768LtN3dlQsnIJkaizCewVIAAngeAALL7mhUlWcDnhJX2V4eBA',NULL,'2026-02-11 17:14:23','2026-02-11 17:12:27'),(8,'65009b8da16ad00018ae49c0','shreshth-gate-2026---psus---placement-preparation-batch---b-computer-science-972549','SHRESHTH GATE 2026 + PSUs + Placement Preparation Batch - B Computer Science','67cdcc323044f0dd3ca560b9','basics-of-computer-system-597983','basics-of-computer-system','CH 01 : Basics Of Computer System','Basics Of Computer System 05 : Binary and Power of 2s || Recorded ||','2025-02-09 05:30:00+00:00','65cefec6b3274c00184487e1',NULL,'done','server.codetechfoundation.tech',NULL,NULL,NULL,NULL,NULL,'-1003382065361','101','BAACAgUAAyEGAATJljjRAANlaYy5WG_A2puXYvKW5-BTPXk96RYAAnkeAALL7mhUqS6y8AABIXeqHgQ',NULL,'2026-02-11 17:16:08','2026-02-11 17:14:24'),(9,'65009b8da16ad00018ae49c0','shreshth-gate-2026---psus---placement-preparation-batch---b-computer-science-972549','SHRESHTH GATE 2026 + PSUs + Placement Preparation Batch - B Computer Science','67cdcbf2d0c5090fea980294','basics-of-computer-system-597983','basics-of-computer-system','CH 01 : Basics Of Computer System','Basics Of Computer System 04 : Number System || Recorded','2025-02-09 04:30:00+00:00','65cefec6b3274c00184487e1',NULL,'done','server.codetechfoundation.tech',NULL,NULL,NULL,NULL,NULL,'-1003382065361','102','BAACAgUAAyEGAATJljjRAANmaYy5vCN1crKM4qlXOJRIYF_zTBcAAnoeAALL7mhUW-_FR7Qv0pgeBA',NULL,'2026-02-11 17:17:49','2026-02-11 17:16:09'),(10,'65009b8da16ad00018ae49c0','shreshth-gate-2026---psus---placement-preparation-batch---b-computer-science-972549','SHRESHTH GATE 2026 + PSUs + Placement Preparation Batch - B Computer Science','67cdcbc3bb10b3e02dcb964d','basics-of-computer-system-597983','basics-of-computer-system','CH 01 : Basics Of Computer System','Basics Of Computer System 03 : Data in Computer System  || Recorded','2025-02-09 03:30:00+00:00','65cefec6b3274c00184487e1',NULL,'done','server.codetechfoundation.tech',NULL,NULL,NULL,NULL,NULL,'-1003382065361','103','BAACAgUAAyEGAATJljjRAANnaYy6Kivntsp95SowHhiUENvo6RwAAnseAALL7mhUvVCuV5SSOBQeBA',NULL,'2026-02-11 17:19:38','2026-02-11 17:17:49'),(11,'65009b8da16ad00018ae49c0','shreshth-gate-2026---psus---placement-preparation-batch---b-computer-science-972549','SHRESHTH GATE 2026 + PSUs + Placement Preparation Batch - B Computer Science','67cdcb8e947dddc9d1f6782d','basics-of-computer-system-597983','basics-of-computer-system','CH 01 : Basics Of Computer System','Basics Of Computer System 02 : How a Computer Works || Recorded','2025-02-09 02:30:00+00:00','65cefec6b3274c00184487e1',NULL,'done','server.codetechfoundation.tech',NULL,NULL,NULL,NULL,NULL,'-1003382065361','105','BAACAgUAAyEGAATJljjRAANpaYy6qYcAATZdtIscAgpEJ-VqlKG0AAJ9HgACy-5oVDlzcUIFNF-9HgQ',NULL,'2026-02-11 17:21:45','2026-02-11 17:19:39'),(13,'65009b8da16ad00018ae49c0','shreshth-gate-2026---psus---placement-preparation-batch---b-computer-science-972549','SHRESHTH GATE 2026 + PSUs + Placement Preparation Batch - B Computer Science','67cdcb20cdb32f240bce1c97','basics-of-computer-system-597983','basics-of-computer-system','CH 01 : Basics Of Computer System','Basics Of Computer System 01 : Components of Computer || Recorded','2025-02-09 01:30:00+00:00','65cefec6b3274c00184487e1',NULL,'done','server.codetechfoundation.tech',NULL,NULL,NULL,NULL,NULL,'-1003382065361','106','BAACAgUAAyEGAATJljjRAANqaYy7OCpRiBze8-i0ktgTMph1olAAAn4eAALL7mhUj-g50jojYyEeBA',NULL,'2026-02-11 17:24:08','2026-02-11 17:21:46'),(14,'65009b8da16ad00018ae49c0','shreshth-gate-2026---psus---placement-preparation-batch---b-computer-science-972549','SHRESHTH GATE 2026 + PSUs + Placement Preparation Batch - B Computer Science','67cc7112533310ff065e678c','fundamental-of-c-language-984262','fundamental-of-c-language','CH 01 : Introduction','String & Structure 02 : Structure & Union','2025-02-03 09:30:00+00:00','65af6bc835986f0018abd5dd',NULL,'done','server.codetechfoundation.tech',NULL,NULL,NULL,NULL,NULL,'-1003382065361','107','BAACAgUAAyEGAATJljjRAANraYy8LaQQL89X7JYg5WHRfWWwb_gAAn8eAALL7mhUAAGlKSJCmZfkHgQ',NULL,'2026-02-11 17:28:13','2026-02-11 17:26:09'),(15,'65009b8da16ad00018ae49c0','shreshth-gate-2026---psus---placement-preparation-batch---b-computer-science-972549','SHRESHTH GATE 2026 + PSUs + Placement Preparation Batch - B Computer Science','67cc70e4a0333fc355543b8a','fundamental-of-c-language-984262','fundamental-of-c-language','CH 01 : Introduction','String & Structure 01 : String || Recorded','2025-02-03 08:30:00+00:00','65af6bc835986f0018abd5dd',NULL,'done','server.codetechfoundation.tech',NULL,NULL,NULL,NULL,NULL,'-1003382065361','108','BAACAgUAAyEGAATJljjRAANsaYy8oFnSm4EbHB9kZoO0F9R0j-YAAoAeAALL7mhUu-dBqon4bHAeBA',NULL,'2026-02-11 17:30:08','2026-02-11 17:28:15'),(16,'65009b8da16ad00018ae49c0','shreshth-gate-2026---psus---placement-preparation-batch---b-computer-science-972549','SHRESHTH GATE 2026 + PSUs + Placement Preparation Batch - B Computer Science','67cc709107fbd9d1b2cc594f','fundamental-of-c-language-984262','fundamental-of-c-language','CH 01 : Introduction','Array & Pointer 04 : Array 2-D || Recorded','2025-02-03 07:30:00+00:00','65af6bc835986f0018abd5dd',NULL,'done','server.codetechfoundation.tech',NULL,NULL,NULL,NULL,NULL,'-1003382065361','109','BAACAgUAAyEGAATJljjRAANtaYy9IB9v3mQ5ZuI_rCVLiqGxznEAAoEeAALL7mhUYDytA3sXosQeBA',NULL,'2026-02-11 17:32:16','2026-02-11 17:30:10'),(17,'65009b8da16ad00018ae49c0','shreshth-gate-2026---psus---placement-preparation-batch---b-computer-science-972549','SHRESHTH GATE 2026 + PSUs + Placement Preparation Batch - B Computer Science','67cc705db2de5c043975fc5a','fundamental-of-c-language-984262','fundamental-of-c-language','CH 01 : Introduction','Array & Pointer 03 : Array 1-D || Recorded','2025-02-03 05:30:00+00:00','65af6bc835986f0018abd5dd',NULL,'done','server.codetechfoundation.tech',NULL,NULL,NULL,NULL,NULL,'-1003382065361','110','BAACAgUAAyEGAATJljjRAANuaYy9nsLY6tEQ3WO48Z6fZXHULJMAAoIeAALL7mhU3Bpjwqb1iR0eBA',NULL,'2026-02-11 17:34:22','2026-02-11 17:32:18'),(18,'65009b8da16ad00018ae49c0','shreshth-gate-2026---psus---placement-preparation-batch---b-computer-science-972549','SHRESHTH GATE 2026 + PSUs + Placement Preparation Batch - B Computer Science','67cc702f91f0457d2cbb47ef','fundamental-of-c-language-984262','fundamental-of-c-language','CH 01 : Introduction','Array & Pointer 02 : Array || Recorded','2025-02-03 04:30:00+00:00','65af6bc835986f0018abd5dd',NULL,'done','server.codetechfoundation.tech',NULL,NULL,NULL,NULL,NULL,'-1003382065361','111','BAACAgUAAyEGAATJljjRAANvaYy-GVeejxA1vPQ-ojxEj-D1ydMAAoMeAALL7mhUqJvPtjS3GXweBA',NULL,'2026-02-11 17:36:25','2026-02-11 17:34:24'),(19,'628b50055b231b0018a8712c','prayas-2023-617434','Prayas 2023','647689f3834e490018f0a96c','physics-785455','physics','JEE Mains Revision','ERROR lecture _jee Advanced_31-05-2023','2023-05-31 12:30:00+00:00','6251941059982a0018729d57',NULL,'done','3ff62f4c-7f5b-4afa-a1fc-78cfe7be7991',NULL,NULL,NULL,NULL,NULL,'-1003382065361','138','BAACAgUAAyEGAATJljjRAAOKaYzE59A14JN6IGIZHegYIbCxVMkAAqMeAALL7mhU9LZD_xc1zzMeBA',NULL,'2026-02-11 18:05:28','2026-02-11 17:35:00'),(20,'65009b8da16ad00018ae49c0','shreshth-gate-2026---psus---placement-preparation-batch---b-computer-science-972549','SHRESHTH GATE 2026 + PSUs + Placement Preparation Batch - B Computer Science','67cc6ffc4176d7d83c9dce94','fundamental-of-c-language-984262','fundamental-of-c-language','CH 01 : Introduction','Array & Pointer 01 : Pointer || Recorded','2025-02-03 03:30:00+00:00','65af6bc835986f0018abd5dd',NULL,'done','server.codetechfoundation.tech',NULL,NULL,NULL,NULL,NULL,'-1003382065361','113','BAACAgUAAyEGAATJljjRAANxaYy-o8fYn4z1SJlkwfIiY4AvohMAAoUeAALL7mhUPGPpah-YWgABHgQ',NULL,'2026-02-11 17:38:43','2026-02-11 17:36:27'),(21,'6816e8e352761af1b7cc1990','vijay-gate-2026-rank-improvement-batch-c---electronics-073458','Vijay GATE 2026 Rank Improvement Batch C - Electronics','686b66e245e6943ece004b8e','signals-and-systems-051698','signals-and-systems','Ch 11 : Extra Topic (Digital Filters)','Discrete Time Fourier Series : One Shot By Sujal Sir','2025-07-09 03:30:00+00:00','6330406b58902c001c232d2f',NULL,'done','codespaces-2b33cd',NULL,NULL,NULL,NULL,NULL,'-1003382065361','112','BAACAgUAAyEGAATJljjRAANwaYy-oImHiLqMXDSKgpvIpfQhtmsAAoQeAALL7mhUBJcaBCIuXr0eBA',NULL,'2026-02-11 17:38:41','2026-02-11 17:36:52'),(22,'6816e8e352761af1b7cc1990','vijay-gate-2026-rank-improvement-batch-c---electronics-073458','Vijay GATE 2026 Rank Improvement Batch C - Electronics','686b66c23732b578b8c6e771','signals-and-systems-051698','signals-and-systems','Ch 11 : Extra Topic (Digital Filters)','Discrete Fourier Transform : One Shot By Sujal Sir','2025-07-08 03:30:00+00:00','6330406b58902c001c232d2f',NULL,'done','codespaces-2b33cd',NULL,NULL,NULL,NULL,NULL,'-1003382065361','114','BAACAgUAAyEGAATJljjRAANyaYy-820IHR5ZS9UnVlpQlTxWEmIAAoYeAALL7mhUtpuYMDSnNC4eBA',NULL,'2026-02-11 17:40:03','2026-02-11 17:38:42'),(23,'65009b8da16ad00018ae49c0','shreshth-gate-2026---psus---placement-preparation-batch---b-computer-science-972549','SHRESHTH GATE 2026 + PSUs + Placement Preparation Batch - B Computer Science','67cc6fb3fc2856a46a1dab29','fundamental-of-c-language-984262','fundamental-of-c-language','CH 01 : Introduction','Function & Storage Class 04 : Storage Class || Recorded','2025-02-02 10:30:00+00:00','65af6bc835986f0018abd5dd',NULL,'done','server.codetechfoundation.tech',NULL,NULL,NULL,NULL,NULL,'-1003382065361','115','BAACAgUAAyEGAATJljjRAANzaYy_LcvosHes2bKiZFZwM43xGykAAoceAALL7mhUurqirSSpaHceBA',NULL,'2026-02-11 17:41:01','2026-02-11 17:38:45'),(24,'6816e8e352761af1b7cc1990','vijay-gate-2026-rank-improvement-batch-c---electronics-073458','Vijay GATE 2026 Rank Improvement Batch C - Electronics','6864c521fa5084aacbd41421','signals-and-systems-051698','signals-and-systems','Ch 11 : Extra Topic (Digital Filters)','Z-Transform 04 : Z-Transform (Part 04) By Sujal Sir','2025-07-07 03:30:00+00:00','6330406b58902c001c232d2f',NULL,'done','codespaces-2b33cd',NULL,NULL,NULL,NULL,NULL,'-1003382065361','116','BAACAgUAAyEGAATJljjRAAN0aYy_SjEfRIh0modmikF87PuX43MAAogeAALL7mhUeNWKORytN1UeBA',NULL,'2026-02-11 17:41:30','2026-02-11 17:40:04'),(25,'65009b8da16ad00018ae49c0','shreshth-gate-2026---psus---placement-preparation-batch---b-computer-science-972549','SHRESHTH GATE 2026 + PSUs + Placement Preparation Batch - B Computer Science','67cc6f80a3be808c9f9e26a2','fundamental-of-c-language-984262','fundamental-of-c-language','CH 01 : Introduction','Function & Storage Class 03 : Local and Global Variable || Recorded','2025-02-02 09:30:00+00:00','65af6bc835986f0018abd5dd',NULL,'done','server.codetechfoundation.tech',NULL,NULL,NULL,NULL,NULL,'-1003382065361','118','BAACAgUAAyEGAATJljjRAAN2aYy_xmMv170KknLS4xo5tjn8SmsAAooeAALL7mhUlcs7zJ0jHlYeBA',NULL,'2026-02-11 17:43:34','2026-02-11 17:41:03'),(26,'6816e8e352761af1b7cc1990','vijay-gate-2026-rank-improvement-batch-c---electronics-073458','Vijay GATE 2026 Rank Improvement Batch C - Electronics','6864c4e493134e7e4340a898','signals-and-systems-051698','signals-and-systems','Ch 11 : Extra Topic (Digital Filters)','Z-Transform 03 : Z-Transform (Part 03) By Sujal Sir','2025-07-05 03:30:00+00:00','6330406b58902c001c232d2f',NULL,'done','codespaces-2b33cd',NULL,NULL,NULL,NULL,NULL,'-1003382065361','117','BAACAgUAAyEGAATJljjRAAN1aYy_h2NGIWuWidISu-BWkhG31RcAAokeAALL7mhUNFaoYRf-WaIeBA',NULL,'2026-02-11 17:42:32','2026-02-11 17:41:31'),(27,'6816e8e352761af1b7cc1990','vijay-gate-2026-rank-improvement-batch-c---electronics-073458','Vijay GATE 2026 Rank Improvement Batch C - Electronics','6864c4ce5f85f78caeff679c','signals-and-systems-051698','signals-and-systems','Ch 11 : Extra Topic (Digital Filters)','Z-Transform 02 : Z-Transform (Part 02) By Sujal Sir','2025-07-04 03:30:00+00:00','6330406b58902c001c232d2f',NULL,'done','codespaces-2b33cd',NULL,NULL,NULL,NULL,NULL,'-1003382065361','119','BAACAgUAAyEGAATJljjRAAN3aYzACjGdN5Cvm5cnXtumaHfiGZUAAoseAALL7mhUBWi8wEJEJPgeBA',NULL,'2026-02-11 17:44:42','2026-02-11 17:42:32'),(28,'65009b8da16ad00018ae49c0','shreshth-gate-2026---psus---placement-preparation-batch---b-computer-science-972549','SHRESHTH GATE 2026 + PSUs + Placement Preparation Batch - B Computer Science','67cc6f46bc55d3dc9d0faa44','fundamental-of-c-language-984262','fundamental-of-c-language','CH 01 : Introduction','Function & Storage Class 02 : Function (Part 02) || Recorded','2025-02-02 08:30:00+00:00','65af6bc835986f0018abd5dd',NULL,'done','server.codetechfoundation.tech',NULL,NULL,NULL,NULL,NULL,'-1003382065361','120','BAACAgUAAyEGAATJljjRAAN4aYzAZ8rkuCe_eqJCQbV30QlE0XoAAo0eAALL7mhUEIlaGm0l-IoeBA',NULL,'2026-02-11 17:46:16','2026-02-11 17:43:36'),(29,'6816e8e352761af1b7cc1990','vijay-gate-2026-rank-improvement-batch-c---electronics-073458','Vijay GATE 2026 Rank Improvement Batch C - Electronics','6864c4ae79ba4cc5431de081','signals-and-systems-051698','signals-and-systems','Ch 11 : Extra Topic (Digital Filters)','Z-Transform 01 : Z-Transform (Part 01) By Sujal Sir','2025-07-03 03:30:00+00:00','6330406b58902c001c232d2f',NULL,'done','codespaces-2b33cd',NULL,NULL,NULL,NULL,NULL,'-1003382065361','121','BAACAgUAAyEGAATJljjRAAN5aYzAxounBZl_KJYUQJ1Q4ZS1E9wAAo4eAALL7mhU-NF_YecOHXoeBA',NULL,'2026-02-11 17:47:50','2026-02-11 17:44:43'),(30,'65009b8da16ad00018ae49c0','shreshth-gate-2026---psus---placement-preparation-batch---b-computer-science-972549','SHRESHTH GATE 2026 + PSUs + Placement Preparation Batch - B Computer Science','67cc6f147eaacf83b8922d01','fundamental-of-c-language-984262','fundamental-of-c-language','CH 01 : Introduction','Function & Storage Class 01 : Function (Part 01) || Recorded','2025-02-02 07:30:00+00:00','65af6bc835986f0018abd5dd',NULL,'done','server.codetechfoundation.tech',NULL,NULL,NULL,NULL,NULL,'-1003382065361','122','BAACAgUAAyEGAATJljjRAAN6aYzA8azNcYbpQz3VXO2VfH35nXkAAo8eAALL7mhUCCiwVNVYfQIeBA',NULL,'2026-02-11 17:48:34','2026-02-11 17:46:17'),(31,'6816e8e352761af1b7cc1990','vijay-gate-2026-rank-improvement-batch-c---electronics-073458','Vijay GATE 2026 Rank Improvement Batch C - Electronics','685e41f3ae760eb35bad011e','signals-and-systems-051698','signals-and-systems','Ch 11 : Extra Topic (Digital Filters)','Discrete Time Fourier Transform 04 : Discrete Time Fourier Transform (Part 04) By Sujal Sir','2025-07-02 03:30:00+00:00','6330406b58902c001c232d2f',NULL,'done','codespaces-2b33cd',NULL,NULL,NULL,NULL,NULL,'-1003382065361','124','BAACAgUAAyEGAATJljjRAAN8aYzBnX6upNQ4CRyhQlwmHqnWd3gAApEeAALL7mhUptq6kH-G7A8eBA',NULL,'2026-02-11 17:51:25','2026-02-11 17:47:51'),(32,'65009b8da16ad00018ae49c0','shreshth-gate-2026---psus---placement-preparation-batch---b-computer-science-972549','SHRESHTH GATE 2026 + PSUs + Placement Preparation Batch - B Computer Science','67cc6eba9edca31e7d5bbb2c','fundamental-of-c-language-984262','fundamental-of-c-language','CH 01 : Introduction','Control Flow Statement 03 : Control Flow Statement (Part 03) || Recorded','2025-02-02 05:30:00+00:00','65af6bc835986f0018abd5dd',NULL,'done','server.codetechfoundation.tech',NULL,NULL,NULL,NULL,NULL,'-1003382065361','123','BAACAgUAAyEGAATJljjRAAN7aYzBYPVQsUvEEHIAAcd-D2WXBzYXAAKQHgACy-5oVPQNq3GknLpyHgQ',NULL,'2026-02-11 17:50:25','2026-02-11 17:48:35'),(33,'65009b8da16ad00018ae49c0','shreshth-gate-2026---psus---placement-preparation-batch---b-computer-science-972549','SHRESHTH GATE 2026 + PSUs + Placement Preparation Batch - B Computer Science','67cc6e84958e01233c5475f0','fundamental-of-c-language-984262','fundamental-of-c-language','CH 01 : Introduction','Control Flow Statement 02 : Control Flow Statement (Part 02) || Recorded','2025-02-02 04:30:00+00:00','65af6bc835986f0018abd5dd',NULL,'done','server.codetechfoundation.tech',NULL,NULL,NULL,NULL,NULL,'-1003382065361','125','BAACAgUAAyEGAATJljjRAAN9aYzB7O-h2-CYdP3unzWrXbVlDgkAApMeAALL7mhUiv8VOHrBwWMeBA',NULL,'2026-02-11 17:52:44','2026-02-11 17:50:26'),(35,'6816e8e352761af1b7cc1990','vijay-gate-2026-rank-improvement-batch-c---electronics-073458','Vijay GATE 2026 Rank Improvement Batch C - Electronics','685e419d7c213c7a494e0178','signals-and-systems-051698','signals-and-systems','Ch 11 : Extra Topic (Digital Filters)','Discrete Time Fourier Transform 02 : Discrete Time Fourier Transform (Part 02) By Sujal Sir','2025-06-30 03:30:00+00:00','6330406b58902c001c232d2f',NULL,'done','codespaces-2b33cd',NULL,NULL,NULL,NULL,NULL,'-1003382065361','126','BAACAgUAAyEGAATJljjRAAN-aYzCNqy4EVlzJbFNxDXm79aoYUoAApQeAALL7mhUl1PeN0drMBoeBA',NULL,'2026-02-11 17:53:59','2026-02-11 17:52:32'),(36,'65009b8da16ad00018ae49c0','shreshth-gate-2026---psus---placement-preparation-batch---b-computer-science-972549','SHRESHTH GATE 2026 + PSUs + Placement Preparation Batch - B Computer Science','67cc6e4fd0f57a7e4ed919fa','fundamental-of-c-language-984262','fundamental-of-c-language','CH 01 : Introduction','Control Flow Statement 01 : Control Flow Statement (Part 01) || Recorded','2025-02-02 03:30:00+00:00','65af6bc835986f0018abd5dd',NULL,'done','server.codetechfoundation.tech',NULL,NULL,NULL,NULL,NULL,'-1003382065361','127','BAACAgUAAyEGAATJljjRAAN_aYzCaNWLWLbIUyvcnzLD4Jr3NKwAApUeAALL7mhU1_AQsBn0qIEeBA',NULL,'2026-02-11 17:54:49','2026-02-11 17:52:46'),(37,'6816e8e352761af1b7cc1990','vijay-gate-2026-rank-improvement-batch-c---electronics-073458','Vijay GATE 2026 Rank Improvement Batch C - Electronics','685e4185ab23c99924b2abfe','signals-and-systems-051698','signals-and-systems','Ch 11 : Extra Topic (Digital Filters)','Discrete Time Fourier Transform 01 : Discrete Time Fourier Transform (Part 01) By Sujal Sir','2025-06-28 03:30:00+00:00','6330406b58902c001c232d2f',NULL,'done','codespaces-2b33cd',NULL,NULL,NULL,NULL,NULL,'-1003382065361','128','BAACAgUAAyEGAATJljjRAAOAaYzCiQw3wdSsriP98NRQJr6z7VkAApYeAALL7mhU0axBjAb8yegeBA',NULL,'2026-02-11 17:55:22','2026-02-11 17:53:59'),(38,'65009b8da16ad00018ae49c0','shreshth-gate-2026---psus---placement-preparation-batch---b-computer-science-972549','SHRESHTH GATE 2026 + PSUs + Placement Preparation Batch - B Computer Science','67cc6dff1cc3719248248bf4','fundamental-of-c-language-984262','fundamental-of-c-language','CH 01 : Introduction','Data Types & Operator 05 : Data Type & Operator (Part 03) || Recorded','2025-02-01 10:30:00+00:00','65af6bc835986f0018abd5dd',NULL,'done','server.codetechfoundation.tech',NULL,NULL,NULL,NULL,NULL,'-1003382065361','129','BAACAgUAAyEGAATJljjRAAOBaYzC5t0wl95yIr40Yhu_ZXYWfLcAApceAALL7mhURbybs5U-Q64eBA',NULL,'2026-02-11 17:56:54','2026-02-11 17:54:51'),(39,'6816e8e352761af1b7cc1990','vijay-gate-2026-rank-improvement-batch-c---electronics-073458','Vijay GATE 2026 Rank Improvement Batch C - Electronics','685ceaca5d494200924cea7c','signals-and-systems-051698','signals-and-systems','Ch 11 : Extra Topic (Digital Filters)','Laplace Transform 06 : Laplace Transform (Part 06) By Sujal Sir','2025-06-27 03:30:00+00:00','6330406b58902c001c232d2f',NULL,'done','codespaces-2b33cd',NULL,NULL,NULL,NULL,NULL,'-1003382065361','130','BAACAgUAAyEGAATJljjRAAOCaYzC7X1WHvFIvSyeBwgFOysETfoAApgeAALL7mhU11X-Jy80KgIeBA',NULL,'2026-02-11 17:57:01','2026-02-11 17:55:22'),(40,'65009b8da16ad00018ae49c0','shreshth-gate-2026---psus---placement-preparation-batch---b-computer-science-972549','SHRESHTH GATE 2026 + PSUs + Placement Preparation Batch - B Computer Science','67cc6dc76612d41fb21e7520','fundamental-of-c-language-984262','fundamental-of-c-language','CH 01 : Introduction','Data Types & Operator 04 : Data Type & Operator (Part 02) || Recorded','2025-02-01 09:30:00+00:00','65af6bc835986f0018abd5dd',NULL,'done','server.codetechfoundation.tech',NULL,NULL,NULL,NULL,NULL,'-1003382065361','132','BAACAgUAAyEGAATJljjRAAOEaYzDghXqowmoErXtvZVA8KNC08IAApweAALL7mhUQ3qmvW26ixYeBA',NULL,'2026-02-11 17:59:30','2026-02-11 17:56:56'),(41,'6816e8e352761af1b7cc1990','vijay-gate-2026-rank-improvement-batch-c---electronics-073458','Vijay GATE 2026 Rank Improvement Batch C - Electronics','685c17172da8177cf262a9ec','signals-and-systems-051698','signals-and-systems','Ch 11 : Extra Topic (Digital Filters)','Laplace Transform 05 : Laplace Transform (Part 05) By Sujal Sir','2025-06-26 03:30:00+00:00','6330406b58902c001c232d2f',NULL,'done','codespaces-2b33cd',NULL,NULL,NULL,NULL,NULL,'-1003382065361','131','BAACAgUAAyEGAATJljjRAAODaYzDTopPPKPEaiKW1m9VR0ShhHsAApkeAALL7mhU-Td99nSTe1AeBA',NULL,'2026-02-11 17:58:39','2026-02-11 17:57:02'),(42,'6816e8e352761af1b7cc1990','vijay-gate-2026-rank-improvement-batch-c---electronics-073458','Vijay GATE 2026 Rank Improvement Batch C - Electronics','6854f6b5289a137d76907485','signals-and-systems-051698','signals-and-systems','Ch 11 : Extra Topic (Digital Filters)','Laplace Transform 04 : Laplace Transform (Part 04) || (Rescheduled @07:00PM)','2025-06-25 13:30:00+00:00','6330406b58902c001c232d2f',NULL,'done','codespaces-2b33cd',NULL,NULL,NULL,NULL,NULL,'-1003382065361','134','BAACAgUAAyEGAATJljjRAAOGaYzEEqZkbq_qXLEpuV7insx5WgQAAp4eAALL7mhUDT6b2GcSTTseBA',NULL,'2026-02-11 18:01:55','2026-02-11 17:58:39'),(43,'65009b8da16ad00018ae49c0','shreshth-gate-2026---psus---placement-preparation-batch---b-computer-science-972549','SHRESHTH GATE 2026 + PSUs + Placement Preparation Batch - B Computer Science','67cc6d7eb51c860737614002','fundamental-of-c-language-984262','fundamental-of-c-language','CH 01 : Introduction','Data Types & Operator 03 : Data Type & Operator (Part 01) || Recorded','2025-02-01 08:30:00+00:00','65af6bc835986f0018abd5dd',NULL,'done','server.codetechfoundation.tech',NULL,NULL,NULL,NULL,NULL,'-1003382065361','133','BAACAgUAAyEGAATJljjRAAOFaYzECKwWgNPjTPF4mSr6datMv0QAAp0eAALL7mhUUNjAATIvwJweBA',NULL,'2026-02-11 18:01:44','2026-02-11 17:59:32'),(44,'65009b8da16ad00018ae49c0','shreshth-gate-2026---psus---placement-preparation-batch---b-computer-science-972549','SHRESHTH GATE 2026 + PSUs + Placement Preparation Batch - B Computer Science','67cc6d479edca31e7d5bb55e','fundamental-of-c-language-984262','fundamental-of-c-language','CH 01 : Introduction','Data Types & Operator 02 : Structure of C program  || Recorded','2025-02-01 07:30:00+00:00','65af6bc835986f0018abd5dd',NULL,'done','server.codetechfoundation.tech',NULL,NULL,NULL,NULL,NULL,'-1003382065361','136','BAACAgUAAyEGAATJljjRAAOIaYzEtctLYG7f_xT6R8zIMa0jhQwAAqEeAALL7mhUlN7U8RRBAykeBA',NULL,'2026-02-11 18:04:37','2026-02-11 18:01:45'),(45,'6816e8e352761af1b7cc1990','vijay-gate-2026-rank-improvement-batch-c---electronics-073458','Vijay GATE 2026 Rank Improvement Batch C - Electronics','6854f69f524051982ce5f00b','signals-and-systems-051698','signals-and-systems','Ch 11 : Extra Topic (Digital Filters)','Laplace Transform (Part 03) By Sujal Sir','2025-06-24 03:30:00+00:00','6330406b58902c001c232d2f',NULL,'done','codespaces-2b33cd',NULL,NULL,NULL,NULL,NULL,'-1003382065361','135','BAACAgUAAyEGAATJljjRAAOHaYzEXlPCAV6HQt8Tq7bRscBfVOUAAp8eAALL7mhUJdsJKxpaPl8eBA',NULL,'2026-02-11 18:03:10','2026-02-11 18:01:55'),(46,'6816e8e352761af1b7cc1990','vijay-gate-2026-rank-improvement-batch-c---electronics-073458','Vijay GATE 2026 Rank Improvement Batch C - Electronics','6854f68a524051982ce5eef0','signals-and-systems-051698','signals-and-systems','Ch 11 : Extra Topic (Digital Filters)','Laplace Transform 02 : Laplace Transform (Part 02) By Sujal Sir','2025-06-23 03:30:00+00:00','6330406b58902c001c232d2f',NULL,'done','codespaces-2b33cd',NULL,NULL,NULL,NULL,NULL,'-1003382065361','137','BAACAgUAAyEGAATJljjRAAOJaYzEv6WplPbIOodjoEZf1BP1vE4AAqIeAALL7mhU7xngkxttYhUeBA',NULL,'2026-02-11 18:04:47','2026-02-11 18:03:11'),(47,'65009b8da16ad00018ae49c0','shreshth-gate-2026---psus---placement-preparation-batch---b-computer-science-972549','SHRESHTH GATE 2026 + PSUs + Placement Preparation Batch - B Computer Science','67cc6d12bc55d3dc9d0f951a','fundamental-of-c-language-984262','fundamental-of-c-language','CH 01 : Introduction','Data Types & Operator 01 : Number System in C Language || Recorded','2025-02-01 05:30:00+00:00','65af6bc835986f0018abd5dd',NULL,'done','server.codetechfoundation.tech',NULL,NULL,NULL,NULL,NULL,'-1003382065361','141','BAACAgUAAyEGAATJljjRAAONaYzFqYQ_fF8gZBoheobpNj5TgeIAAqYeAALL7mhUY3ttpKdXeLgeBA',NULL,'2026-02-11 18:08:42','2026-02-11 18:04:39'),(48,'6816e8e352761af1b7cc1990','vijay-gate-2026-rank-improvement-batch-c---electronics-073458','Vijay GATE 2026 Rank Improvement Batch C - Electronics','6854f6418c8f47f7296d5c9f','signals-and-systems-051698','signals-and-systems','Ch 11 : Extra Topic (Digital Filters)','Laplace Transform (Part 01)','2025-06-21 03:30:00+00:00','6330406b58902c001c232d2f',NULL,'done','codespaces-2b33cd',NULL,NULL,NULL,NULL,NULL,'-1003382065361','139','BAACAgUAAyEGAATJljjRAAOLaYzFAmiboppyO6SGFoPYM0BWxy4AAqQeAALL7mhU-YBoHXszDF4eBA',NULL,'2026-02-11 18:05:55','2026-02-11 18:04:48'),(49,'6816e8e352761af1b7cc1990','vijay-gate-2026-rank-improvement-batch-c---electronics-073458','Vijay GATE 2026 Rank Improvement Batch C - Electronics','6853b6dd034b0df83262109c','signals-and-systems-051698','signals-and-systems','Ch 11 : Extra Topic (Digital Filters)','Sampling and Sampling Theorem : One Shot','2025-06-20 03:30:00+00:00','6330406b58902c001c232d2f',NULL,'done','codespaces-2b33cd',NULL,NULL,NULL,NULL,NULL,'-1003382065361','140','BAACAgUAAyEGAATJljjRAAOMaYzFZakAAcY-V2WpEn4AAS7YDT_5UQACpR4AAsvuaFTJ0UKKmLsCyB4E',NULL,'2026-02-11 18:07:33','2026-02-11 18:05:55'),(51,'6816e8e352761af1b7cc1990','vijay-gate-2026-rank-improvement-batch-c---electronics-073458','Vijay GATE 2026 Rank Improvement Batch C - Electronics','685253ef3a03029807d714c3','signals-and-systems-051698','signals-and-systems','Ch 11 : Extra Topic (Digital Filters)','Ss Ch-4 L-5 Ss Vijay Batch 19Th June','2025-06-19 03:30:00+00:00','6330406b58902c001c232d2f',NULL,'done','codespaces-2b33cd',NULL,NULL,NULL,NULL,NULL,'-1003382065361','142','BAACAgUAAyEGAATJljjRAAOOaYzFwOm0EpgbUrFd3X4sXSja9JYAAqceAALL7mhUWkNrzB-bffUeBA',NULL,'2026-02-11 18:09:05','2026-02-11 18:07:34'),(52,'65009b8da16ad00018ae49c0','shreshth-gate-2026---psus---placement-preparation-batch---b-computer-science-972549','SHRESHTH GATE 2026 + PSUs + Placement Preparation Batch - B Computer Science','67cc6ccb035d24180de10bcc','fundamental-of-c-language-984262','fundamental-of-c-language','CH 01 : Introduction','Introduction 02 : Language Processor - II || Recorded','2025-02-01 04:30:00+00:00','65af6bc835986f0018abd5dd',NULL,'done','server.codetechfoundation.tech',NULL,NULL,NULL,NULL,NULL,'-1003382065361','143','BAACAgUAAyEGAATJljjRAAOPaYzGDMG9jlgH1L4qzijflkjAC2kAAqgeAALL7mhU-JhiXdp3L4QeBA',NULL,'2026-02-11 18:10:20','2026-02-11 18:08:43'),(53,'6816e8e352761af1b7cc1990','vijay-gate-2026-rank-improvement-batch-c---electronics-073458','Vijay GATE 2026 Rank Improvement Batch C - Electronics','684bc21b591cc708fbcf2c19','signals-and-systems-051698','signals-and-systems','Ch 11 : Extra Topic (Digital Filters)','Continous Time Fourier Transform 04 : Continous Time Fourier Transform (Part 04)','2025-06-18 03:30:00+00:00','6330406b58902c001c232d2f',NULL,'done','codespaces-2b33cd',NULL,NULL,NULL,NULL,NULL,'-1003382065361','144','BAACAgUAAyEGAATJljjRAAOQaYzGalwuAdmCvGwaPnmckB47iakAAqkeAALL7mhUCsDYA5xo4GweBA',NULL,'2026-02-11 18:11:54','2026-02-11 18:09:05'),(54,'65009b8da16ad00018ae49c0','shreshth-gate-2026---psus---placement-preparation-batch---b-computer-science-972549','SHRESHTH GATE 2026 + PSUs + Placement Preparation Batch - B Computer Science','67cc6c919edca31e7d5bb20d','fundamental-of-c-language-984262','fundamental-of-c-language','CH 01 : Introduction','Introduction 01 : Language Processor - I || Recorded','2025-02-01 03:30:00+00:00','65af6bc835986f0018abd5dd',NULL,'done','server.codetechfoundation.tech',NULL,NULL,NULL,NULL,NULL,'-1003382065361','145','BAACAgUAAyEGAATJljjRAAORaYzGrtsjYFuIW4lLLa0os6Uor1IAAqoeAALL7mhUoK_U6BG-d1weBA',NULL,'2026-02-11 18:13:02','2026-02-11 18:10:22'),(55,'6816e8e352761af1b7cc1990','vijay-gate-2026-rank-improvement-batch-c---electronics-073458','Vijay GATE 2026 Rank Improvement Batch C - Electronics','684bc1fdff9abc9114c5db89','signals-and-systems-051698','signals-and-systems','Ch 11 : Extra Topic (Digital Filters)','Continous Time Fourier Transform 03 : Continous Time Fourier Transform (Part 03) by Sujal Sir','2025-06-17 03:30:00+00:00','6330406b58902c001c232d2f',NULL,'done','codespaces-2b33cd',NULL,NULL,NULL,NULL,NULL,'-1003382065361','146','BAACAgUAAyEGAATJljjRAAOSaYzG2HKknDtT9ErD07_fVT_z99cAAqseAALL7mhUKEZz9ApSQ04eBA',NULL,'2026-02-11 18:13:45','2026-02-11 18:11:55'),(118,'65009b8da16ad00018ae49c0','shreshth-gate-2026---psus---placement-preparation-batch---b-computer-science-972549','SHRESHTH GATE 2026 + PSUs + Placement Preparation Batch - B Computer Science','67caddc0d0f57a7e4ed0d37d','foundation-of-engineering-math-867168','foundation-of-engineering-math','CH 01 : Prerequisites of Engineering Mathematics','Prerequisites of Engineering Mathematics 25 : Recursive Relation || Recorded','2025-03-03 11:30:00+00:00','65d46eb0dc95c9001877a121',NULL,'done','server.codetechfoundation.tech',NULL,NULL,NULL,NULL,NULL,'-1003382065361','147','BAACAgUAAyEGAATJljjRAAOTaYzQgqiNG5x2ca7slIrt2d-riJ8AAsUeAALL7mhUoOW89FmLSyAeBA',NULL,'2026-02-11 18:54:58','2026-02-11 18:53:01'),(140,'628b50055b231b0018a8712c','prayas-2023-617434','Prayas 2023','646e2c0a61bac00018496a62','physics-785455','physics','Ch 24 : Electromagnetic Induction','Wave Optics 01 : Revision','2023-05-25 03:30:00+00:00','6251941059982a0018729d57',NULL,'done','codespaces-2b33cd',NULL,NULL,NULL,NULL,NULL,'-1003382065361','148','BAACAgUAAyEGAATJljjRAAOUaYzQyDa7rMnyZq-Kj9s6SH-aFngAAsYeAALL7mhUrAXrM_aj31EeBA',NULL,'2026-02-11 18:56:13','2026-02-11 18:56:02'),(141,'628b50055b231b0018a8712c','prayas-2023-617434','Prayas 2023','646d5023e3143700181b7760','physics-785455','physics','Advanced Session','Ray optics by shivendu Sir','2023-05-24 03:30:00+00:00','6251941059982a0018729d57',NULL,'done','codespaces-2b33cd',NULL,NULL,NULL,NULL,NULL,'-1003382065361','152','BAACAgUAAyEGAATJljjRAAOYaYzSlCRRntRrGs0veCvQaejvIIkAAsoeAALL7mhUylHjeeueDekeBA',NULL,'2026-02-11 19:03:48','2026-02-11 18:56:09'),(147,'65009b8da16ad00018ae49c0','shreshth-gate-2026---psus---placement-preparation-batch---b-computer-science-972549','SHRESHTH GATE 2026 + PSUs + Placement Preparation Batch - B Computer Science','67cadd371952157272af7202','foundation-of-engineering-math-867168','foundation-of-engineering-math','CH 01 : Prerequisites of Engineering Mathematics','Prerequisites of Engineering Mathematics 23 : Average & Weighted Average || Recorded','2025-03-03 09:30:00+00:00','65d46eb0dc95c9001877a121',NULL,'done','server.codetechfoundation.tech',NULL,NULL,NULL,NULL,NULL,'-1003382065361','150','BAACAgUAAyEGAATJljjRAAOWaYzRns0O1aKvDvCftnt_yzrlZAEAAsgeAALL7mhUB-Q0ieDqGUceBA',NULL,'2026-02-11 18:59:43','2026-02-11 18:56:57'),(148,'65009b8da16ad00018ae49c0','shreshth-gate-2026---psus---placement-preparation-batch---b-computer-science-972549','SHRESHTH GATE 2026 + PSUs + Placement Preparation Batch - B Computer Science','67cadcf196588e9b0331099b','foundation-of-engineering-math-867168','foundation-of-engineering-math','CH 01 : Prerequisites of Engineering Mathematics','Prerequisites of Engineering Mathematics 22 : Percentage || Recorded','2025-03-03 08:30:00+00:00','65d46eb0dc95c9001877a121',NULL,'done','server.codetechfoundation.tech',NULL,NULL,NULL,NULL,NULL,'-1003382065361','151','BAACAgUAAyEGAATJljjRAAOXaYzSeLv2C7JzoP-C6nJnxPPGrE8AAskeAALL7mhUOqs74NUpipMeBA',NULL,'2026-02-11 19:03:20','2026-02-11 18:59:44'),(149,'65009b8da16ad00018ae49c0','shreshth-gate-2026---psus---placement-preparation-batch---b-computer-science-972549','SHRESHTH GATE 2026 + PSUs + Placement Preparation Batch - B Computer Science','67cadcb35e3d6cd49018877d','foundation-of-engineering-math-867168','foundation-of-engineering-math','CH 01 : Prerequisites of Engineering Mathematics','Prerequisites of Engineering Mathematics 21 : P&C / Probability || Recorded','2025-03-03 07:30:00+00:00','65d46eb0dc95c9001877a121',NULL,'done','server.codetechfoundation.tech',NULL,NULL,NULL,NULL,NULL,'-1003382065361','153','BAACAgUAAyEGAATJljjRAAOZaYzS6hxDEar0RmdS9GTPWJoEnG4AAsseAALL7mhUnIoqhwxoPAABHgQ',NULL,'2026-02-11 19:05:14','2026-02-11 19:03:21'),(150,'628b50055b231b0018a8712c','prayas-2023-617434','Prayas 2023','646bffcdd65c200018050a31','physics-785455','physics','Ch-30 : Wave Optics','EMI/AC/Ray Optics 01 : Revision','2023-05-23 03:30:00+00:00','6251941059982a0018729d57',NULL,'downloading','codespaces-2b33cd',NULL,NULL,NULL,NULL,NULL,NULL,NULL,NULL,NULL,'2026-02-11 19:03:49','2026-02-11 19:03:49'),(151,'65009b8da16ad00018ae49c0','shreshth-gate-2026---psus---placement-preparation-batch---b-computer-science-972549','SHRESHTH GATE 2026 + PSUs + Placement Preparation Batch - B Computer Science','67cadc62533310ff0655fb6a','foundation-of-engineering-math-867168','foundation-of-engineering-math','CH 01 : Prerequisites of Engineering Mathematics','Prerequisites of Engineering Mathematics 20 : Linear Interpolation || Recorded','2025-03-02 16:30:00+00:00','65d46eb0dc95c9001877a121',NULL,'done','server.codetechfoundation.tech',NULL,NULL,NULL,NULL,NULL,'-1003382065361','154','BAACAgUAAyEGAATJljjRAAOaaYzTaF0CCcm71BH8gTg1mMT4RJ0AAsweAALL7mhU2xcLqHfvtp8eBA',NULL,'2026-02-11 19:07:20','2026-02-11 19:05:15'),(152,'6816e8e352761af1b7cc1990','vijay-gate-2026-rank-improvement-batch-c---electronics-073458','Vijay GATE 2026 Rank Improvement Batch C - Electronics','694e7e792dd431517bd2f09e','communication-system-614275','communication-system','CH 01 : Analog communication - AM & FM','Noise in Communication 06 : Noise in Communication (Part 06) || Extra Class -Video Only Sidharth Sir 21-08-2025','2025-12-14 04:35:00+00:00','633004955716bd00115faf15',NULL,'downloading','3ff62f4c-7f5b-4afa-a1fc-78cfe7be7991',NULL,NULL,NULL,NULL,NULL,NULL,NULL,NULL,NULL,'2026-02-11 19:07:07','2026-02-11 19:07:07'),(153,'65009b8da16ad00018ae49c0','shreshth-gate-2026---psus---placement-preparation-batch---b-computer-science-972549','SHRESHTH GATE 2026 + PSUs + Placement Preparation Batch - B Computer Science','663e644fca72e1001838e7fc','computer-organization-and-architecture-025928','computer-organization-and-architecture','Interactive Session (Video Only)','Interactive Session By Vishvadeep Gothi Sir (Part 02)','2024-05-11 04:30:00+00:00','65cefec6b3274c00184487e1',NULL,'downloading','server.codetechfoundation.tech',NULL,NULL,NULL,NULL,NULL,NULL,NULL,NULL,NULL,'2026-02-11 19:07:47','2026-02-11 19:07:47'),(154,'65009b8da16ad00018ae49c0','shreshth-gate-2026---psus---placement-preparation-batch---b-computer-science-972549','SHRESHTH GATE 2026 + PSUs + Placement Preparation Batch - B Computer Science','67cadc20a2d20ccc86c3aea6','foundation-of-engineering-math-867168','foundation-of-engineering-math','CH 01 : Prerequisites of Engineering Mathematics','Prerequisites of Engineering Mathematics 19 : Application of Laplace Transformation || Recorded','2025-03-02 15:30:00+00:00','65d46eb0dc95c9001877a121',NULL,'downloading','server.codetechfoundation.tech',NULL,NULL,NULL,NULL,NULL,NULL,NULL,NULL,NULL,'2026-02-12 05:38:29','2026-02-12 05:38:29'),(155,'65009b8da16ad00018ae49c0','shreshth-gate-2026---psus---placement-preparation-batch---b-computer-science-972549','SHRESHTH GATE 2026 + PSUs + Placement Preparation Batch - B Computer Science','672c89baba5e346b15a55342','algorithms-208750','algorithms','CH 01 : Analysis of Algorithms','Miscellaneous 04 : Miscellaneous (Part 04) || Extra Class','2024-11-08 04:30:00+00:00','6673fe39b3603e001879916a',NULL,'done','server.codetechfoundation.tech',NULL,NULL,NULL,NULL,NULL,'-1003382065361','155','BAACAgUAAyEGAATJljjRAAObaY1qx9ufyt1HvbrRjVMBh42QgmMAAvsaAALL7nBU4wi3fJaIdZoeBA',NULL,'2026-02-12 05:53:11','2026-02-12 05:47:58'),(156,'65009b8da16ad00018ae49c0','shreshth-gate-2026---psus---placement-preparation-batch---b-computer-science-972549','SHRESHTH GATE 2026 + PSUs + Placement Preparation Batch - B Computer Science','672a7361f28c4d1d48f81665','algorithms-208750','algorithms','CH 01 : Analysis of Algorithms','Miscellaneous 03 :  Miscellaneous (Part 03) || Extra Class','2024-11-07 04:30:00+00:00','6673fe39b3603e001879916a',NULL,'done','server.codetechfoundation.tech',NULL,NULL,NULL,NULL,NULL,'-1003382065361','156','BAACAgUAAyEGAATJljjRAAOcaY1sAfHgs7Tve9pPcRgnxVZkAQ8AAxsAAsvucFTe94eZbU0iWx4E',NULL,'2026-02-12 05:58:26','2026-02-12 05:53:14'),(157,'65009b8da16ad00018ae49c0','shreshth-gate-2026---psus---placement-preparation-batch---b-computer-science-972549','SHRESHTH GATE 2026 + PSUs + Placement Preparation Batch - B Computer Science','671f64b0ea0e7d304db3bd27','algorithms-208750','algorithms','CH 01 : Analysis of Algorithms','Miscellaneous 02 :  Miscellaneous (Part 02)','2024-10-30 04:30:00+00:00','6673fe39b3603e001879916a',NULL,'done','server.codetechfoundation.tech',NULL,NULL,NULL,NULL,NULL,'-1003382065361','157','BAACAgUAAyEGAATJljjRAAOdaY1tUG4GFLpFnOYTNb_YKmFoAYgAAgEbAALL7nBUezTsPwvyxAseBA',NULL,'2026-02-12 06:04:00','2026-02-12 05:58:28'),(158,'65009b8da16ad00018ae49c0','shreshth-gate-2026---psus---placement-preparation-batch---b-computer-science-972549','SHRESHTH GATE 2026 + PSUs + Placement Preparation Batch - B Computer Science','671f648e2a05d3ede38fc8fe','algorithms-208750','algorithms','CH 01 : Analysis of Algorithms','Miscellaneous 01: Miscellaneous (Part 01)','2024-10-29 04:30:00+00:00','6673fe39b3603e001879916a',NULL,'done','server.codetechfoundation.tech',NULL,NULL,NULL,NULL,NULL,'-1003382065361','158','BAACAgUAAyEGAATJljjRAAOeaY1u6S6xUEAyAY7FrWRzJlDHR9AAAgobAALL7nBULru56JW3iCweBA',NULL,'2026-02-12 06:10:50','2026-02-12 06:04:03'),(159,'65009b8da16ad00018ae49c0','shreshth-gate-2026---psus---placement-preparation-batch---b-computer-science-972549','SHRESHTH GATE 2026 + PSUs + Placement Preparation Batch - B Computer Science','671bab04764d3878590a1e89','algorithms-208750','algorithms','CH 01 : Analysis of Algorithms','Heap Algorithms 03 : Heap Algorithms (Part 03)','2024-10-28 04:30:00+00:00','6673fe39b3603e001879916a',NULL,'done','server.codetechfoundation.tech',NULL,NULL,NULL,NULL,NULL,'-1003382065361','159','BAACAgUAAyEGAATJljjRAAOfaY1wIJ0CrrfVL1896a0_sNMr2fYAAg8bAALL7nBU0oSb55yU60oeBA',NULL,'2026-02-12 06:16:00','2026-02-12 06:10:52'),(160,'65009b8da16ad00018ae49c0','shreshth-gate-2026---psus---placement-preparation-batch---b-computer-science-972549','SHRESHTH GATE 2026 + PSUs + Placement Preparation Batch - B Computer Science','671baad61a7c9e26d93a1d37','algorithms-208750','algorithms','CH 01 : Analysis of Algorithms','Heap Algorithms 02 : Heap Algorithms (Part 02)','2024-10-27 08:30:00+00:00','6673fe39b3603e001879916a',NULL,'downloading','server.codetechfoundation.tech',NULL,NULL,NULL,NULL,NULL,NULL,NULL,NULL,NULL,'2026-02-12 06:16:03','2026-02-12 06:16:03'),(161,'65009b8da16ad00018ae49c0','shreshth-gate-2026---psus---placement-preparation-batch---b-computer-science-972549','SHRESHTH GATE 2026 + PSUs + Placement Preparation Batch - B Computer Science','6803a4986a80831ef1f6cdb7','c---with-oops-327948','c---with-oops','CH 01 : Intro to C++','C++ With OOPS : Weekly Test 02 Discussion','2025-04-20 07:30:00+00:00','6673fe39b3603e001879916a',NULL,'done','server.codetechfoundation.tech',NULL,NULL,NULL,NULL,NULL,'-1003382065361','160','BAACAgUAAyEGAATJljjRAAOgaY2GQslat9PmNkCGAAGWkR8sFGyhAAKGGwACy-5wVNJRzTmjKZL3HgQ',NULL,'2026-02-12 07:50:26','2026-02-12 07:46:14'),(162,'65009b8da16ad00018ae49c0','shreshth-gate-2026---psus---placement-preparation-batch---b-computer-science-972549','SHRESHTH GATE 2026 + PSUs + Placement Preparation Batch - B Computer Science','67f18a9b222eba5b7940b960','c---with-oops-327948','c---with-oops','CH 01 : Intro to C++','C++ With OOPS : Weekly Test 01 Discussion','2025-04-06 01:30:00+00:00','6673fe39b3603e001879916a',NULL,'done','server.codetechfoundation.tech',NULL,NULL,NULL,NULL,NULL,'-1003382065361','161','BAACAgUAAyEGAATJljjRAAOhaY2HNTfoLyhE51l-lYJD4i3iYLQAAocbAALL7nBUisK0QhLYRLAeBA',NULL,'2026-02-12 07:54:30','2026-02-12 07:50:29'),(163,'65009b8da16ad00018ae49c0','shreshth-gate-2026---psus---placement-preparation-batch---b-computer-science-972549','SHRESHTH GATE 2026 + PSUs + Placement Preparation Batch - B Computer Science','67ea1f918c97e12b444dde1e','c---with-oops-327948','c---with-oops','CH 01 : Intro to C++','STL Level - 4 : DPP 01 Discussion','2025-04-05 01:30:00+00:00','6673fe39b3603e001879916a',NULL,'done','server.codetechfoundation.tech',NULL,NULL,NULL,NULL,NULL,'-1003382065361','162','BAACAgUAAyEGAATJljjRAAOiaY2IH2xrhH5kzi3ZhQQactpaqdMAAokbAALL7nBUXrzi03V1HEYeBA',NULL,'2026-02-12 07:58:24','2026-02-12 07:54:32'),(164,'65009b8da16ad00018ae49c0','shreshth-gate-2026---psus---placement-preparation-batch---b-computer-science-972549','SHRESHTH GATE 2026 + PSUs + Placement Preparation Batch - B Computer Science','67ea1f7235758c4dce72623c','c---with-oops-327948','c---with-oops','CH 01 : Intro to C++','STL Level - 4 08 : Dynamic Programming','2025-04-04 01:30:00+00:00','6673fe39b3603e001879916a',NULL,'done','server.codetechfoundation.tech',NULL,NULL,NULL,NULL,NULL,'-1003382065361','163','BAACAgUAAyEGAATJljjRAAOjaY2JH3-NX4_Gj8DUsHL1ZU4Py0gAAosbAALL7nBUT7IDYi1f0bceBA',NULL,'2026-02-12 08:02:40','2026-02-12 07:58:26'),(165,'65009b8da16ad00018ae49c0','shreshth-gate-2026---psus---placement-preparation-batch---b-computer-science-972549','SHRESHTH GATE 2026 + PSUs + Placement Preparation Batch - B Computer Science','67ea1f5235758c4dce7261b0','c---with-oops-327948','c---with-oops','CH 01 : Intro to C++','STL Level - 4 07 : Greedy Algorithms','2025-04-03 01:30:00+00:00','6673fe39b3603e001879916a',NULL,'done','server.codetechfoundation.tech',NULL,NULL,NULL,NULL,NULL,'-1003382065361','164','BAACAgUAAyEGAATJljjRAAOkaY2J91WGAYAn68sbn6KUVzxw2VQAAowbAALL7nBUjeslmV6OjZgeBA',NULL,'2026-02-12 08:06:15','2026-02-12 08:02:42'),(166,'65009b8da16ad00018ae49c0','shreshth-gate-2026---psus---placement-preparation-batch---b-computer-science-972549','SHRESHTH GATE 2026 + PSUs + Placement Preparation Batch - B Computer Science','67ea1f36392b6fae79022303','c---with-oops-327948','c---with-oops','CH 01 : Intro to C++','STL Level - 4 06 : OOPs (Part 02)','2025-04-02 01:30:00+00:00','6673fe39b3603e001879916a',NULL,'done','server.codetechfoundation.tech',NULL,NULL,NULL,NULL,NULL,'-1003382065361','165','BAACAgUAAyEGAATJljjRAAOlaY2K4x75_IsIfzTlMbZsvUSTkJMAAo4bAALL7nBUgMR-AsC8B-keBA',NULL,'2026-02-12 08:10:11','2026-02-12 08:06:18'),(167,'65009b8da16ad00018ae49c0','shreshth-gate-2026---psus---placement-preparation-batch---b-computer-science-972549','SHRESHTH GATE 2026 + PSUs + Placement Preparation Batch - B Computer Science','67ea1e83ca6bd698f75552d3','c---with-oops-327948','c---with-oops','CH 01 : Intro to C++','STL Level - 4 05 : OOPs (Part 01)','2025-04-01 01:30:00+00:00','6673fe39b3603e001879916a',NULL,'done','server.codetechfoundation.tech',NULL,NULL,NULL,NULL,NULL,'-1003382065361','166','BAACAgUAAyEGAATJljjRAAOmaY2LxJi5-anXcg12IzjmVRmIa7kAApIbAALL7nBUCGjhfv98PpceBA',NULL,'2026-02-12 08:13:56','2026-02-12 08:10:14'),(168,'65009b8da16ad00018ae49c0','shreshth-gate-2026---psus---placement-preparation-batch---b-computer-science-972549','SHRESHTH GATE 2026 + PSUs + Placement Preparation Batch - B Computer Science','67e591f2ffbcd1f1bec1677d','c---with-oops-327948','c---with-oops','CH 01 : Intro to C++','STL Level - 4 04 : Multimaps','2025-03-31 01:30:00+00:00','6673fe39b3603e001879916a',NULL,'done','server.codetechfoundation.tech',NULL,NULL,NULL,NULL,NULL,'-1003382065361','167','BAACAgUAAyEGAATJljjRAAOnaY2MmcusoPS52JrsmKGSVau8jzUAAqAbAALL7nBUcrpt-Zpr8SQeBA',NULL,'2026-02-12 08:17:30','2026-02-12 08:13:59'),(169,'65009b8da16ad00018ae49c0','shreshth-gate-2026---psus---placement-preparation-batch---b-computer-science-972549','SHRESHTH GATE 2026 + PSUs + Placement Preparation Batch - B Computer Science','67e591e39419a6e8b3ad353c','c---with-oops-327948','c---with-oops','CH 01 : Intro to C++','STL Level - 4 03 : Maps','2025-03-30 01:30:00+00:00','6673fe39b3603e001879916a',NULL,'done','server.codetechfoundation.tech',NULL,NULL,NULL,NULL,NULL,'-1003382065361','168','BAACAgUAAyEGAATJljjRAAOoaY2Nn8y1xsOZUDNaorBCBpmvxXUAAqEbAALL7nBU5Wt5ewPnTpweBA',NULL,'2026-02-12 08:21:51','2026-02-12 08:17:33'),(170,'65009b8da16ad00018ae49c0','shreshth-gate-2026---psus---placement-preparation-batch---b-computer-science-972549','SHRESHTH GATE 2026 + PSUs + Placement Preparation Batch - B Computer Science','67e591d3ae43296ec8ab0db2','c---with-oops-327948','c---with-oops','CH 01 : Intro to C++','STL Level - 4 02 : Sets (Part 02)','2025-03-29 01:30:00+00:00','6673fe39b3603e001879916a',NULL,'downloading','server.codetechfoundation.tech',NULL,NULL,NULL,NULL,NULL,NULL,NULL,NULL,NULL,'2026-02-12 08:21:54','2026-02-12 08:21:54'),(171,'65009b8da16ad00018ae49c0','shreshth-gate-2026---psus---placement-preparation-batch---b-computer-science-972549','SHRESHTH GATE 2026 + PSUs + Placement Preparation Batch - B Computer Science','65827512da4e1e0018db29b4','general-aptitude-by-amulya-ratan-sir-624960','general-aptitude-by-amulya-ratan-sir','CH 03 : Spatial Aptitude','Analytical Aptitude 07 : Data Sufficiency || (NO DPP)','2023-12-21 01:30:00+00:00','632f134c6f125000113f9d59',NULL,'downloading','server.codetechfoundation.tech',NULL,NULL,NULL,NULL,NULL,NULL,NULL,NULL,NULL,'2026-02-12 08:25:18','2026-02-12 08:25:18'),(172,'628b50055b231b0018a8712c','prayas-2023-617434','Prayas 2023','646ff23a4cbd6c0018a98d38','physics-785455','physics','Ch-23 : Communication System','Modern Physics 01 : Revision','2023-05-26 03:30:00+00:00','6251941059982a0018729d57',NULL,'uploading','3ff62f4c-7f5b-4afa-a1fc-78cfe7be7991',NULL,NULL,NULL,NULL,NULL,NULL,NULL,NULL,NULL,'2026-02-12 08:31:55','2026-02-12 08:26:03'),(174,'65009b8da16ad00018ae49c0','shreshth-gate-2026---psus---placement-preparation-batch---b-computer-science-972549','SHRESHTH GATE 2026 + PSUs + Placement Preparation Batch - B Computer Science','658110074d2c1e001835f4b0','general-aptitude-by-amulya-ratan-sir-624960','general-aptitude-by-amulya-ratan-sir','CH 03 : Spatial Aptitude','Quantitative Aptitude 17 : Interest and Sequences || (NO DPP)','2023-12-20 01:30:00+00:00','632f134c6f125000113f9d59',NULL,'done','server.codetechfoundation.tech',NULL,NULL,NULL,NULL,NULL,'-1003382065361','169','BAACAgUAAyEGAATJljjRAAOpaY2QV4xPuRpmH17lr3i1timbQj8AArcbAALL7nBUbUiW-DPuKjMeBA',NULL,'2026-02-12 08:33:28','2026-02-12 08:29:04'),(175,'65009b8da16ad00018ae49c0','shreshth-gate-2026---psus---placement-preparation-batch---b-computer-science-972549','SHRESHTH GATE 2026 + PSUs + Placement Preparation Batch - B Computer Science','657ff435c03fad001808a353','general-aptitude-by-amulya-ratan-sir-624960','general-aptitude-by-amulya-ratan-sir','CH 03 : Spatial Aptitude','Quantitative Aptitude 16 : Mensuration 2D and 3D || (NO DPP)','2023-12-19 01:30:00+00:00','632f134c6f125000113f9d59',NULL,'done','server.codetechfoundation.tech',NULL,NULL,NULL,NULL,NULL,'-1003382065361','170','BAACAgUAAyEGAATJljjRAAOqaY2RbDHJufg7Gd7QC8Bhkj7cxhsAArsbAALL7nBUkAR3sXo1LKgeBA',NULL,'2026-02-12 08:38:04','2026-02-12 08:33:29'),(176,'65009b8da16ad00018ae49c0','shreshth-gate-2026---psus---placement-preparation-batch---b-computer-science-972549','SHRESHTH GATE 2026 + PSUs + Placement Preparation Batch - B Computer Science','657c2a9bad992000187b5649','general-aptitude-by-amulya-ratan-sir-624960','general-aptitude-by-amulya-ratan-sir','CH 03 : Spatial Aptitude','Spatial Aptitude 02 : Paper Folding and Cutting','2023-12-18 01:30:00+00:00','632f134c6f125000113f9d59',NULL,'done','server.codetechfoundation.tech',NULL,NULL,NULL,NULL,NULL,'-1003382065361','171','BAACAgUAAyEGAATJljjRAAOraY2ScwufT4PBIFpqlzvvR4vwDnYAAsMbAALL7nBUhRoJT6jZVhoeBA',NULL,'2026-02-12 08:42:28','2026-02-12 08:38:05'),(177,'65009b8da16ad00018ae49c0','shreshth-gate-2026---psus---placement-preparation-batch---b-computer-science-972549','SHRESHTH GATE 2026 + PSUs + Placement Preparation Batch - B Computer Science','657ab1bed807ab0018b72414','general-aptitude-by-amulya-ratan-sir-624960','general-aptitude-by-amulya-ratan-sir','CH 03 : Spatial Aptitude','Spatial Aptitude 01 : Formation of Images','2023-12-15 01:30:00+00:00','632f134c6f125000113f9d59',NULL,'done','server.codetechfoundation.tech',NULL,NULL,NULL,NULL,NULL,'-1003382065361','172','BAACAgUAAyEGAATJljjRAAOsaY2ToFnE18OqhT2DI_GcdUWurRoAAsYbAALL7nBUQGe4anX_S0oeBA',NULL,'2026-02-12 08:47:29','2026-02-12 08:42:29'),(178,'65009b8da16ad00018ae49c0','shreshth-gate-2026---psus---placement-preparation-batch---b-computer-science-972549','SHRESHTH GATE 2026 + PSUs + Placement Preparation Batch - B Computer Science','657945e54db3bd00188265c9','general-aptitude-by-amulya-ratan-sir-624960','general-aptitude-by-amulya-ratan-sir','CH 03 : Spatial Aptitude','Analytical Aptitude 06 : Venn Diagrams','2023-12-14 01:30:00+00:00','632f134c6f125000113f9d59',NULL,'downloading','server.codetechfoundation.tech',NULL,NULL,NULL,NULL,NULL,NULL,NULL,NULL,NULL,'2026-02-12 08:47:30','2026-02-12 08:47:30');
/*!40000 ALTER TABLE `lecture_jobs` ENABLE KEYS */;
UNLOCK TABLES;

--
-- Table structure for table `lecture_teachers`
--

DROP TABLE IF EXISTS `lecture_teachers`;
/*!40101 SET @saved_cs_client     = @@character_set_client */;
/*!50503 SET character_set_client = utf8mb4 */;
CREATE TABLE `lecture_teachers` (
  `id` bigint NOT NULL AUTO_INCREMENT,
  `lecture_id` varchar(128) NOT NULL,
  `batch_id` varchar(128) NOT NULL,
  `teacher_id` bigint NOT NULL,
  `created_at` timestamp NOT NULL DEFAULT CURRENT_TIMESTAMP,
  PRIMARY KEY (`id`),
  UNIQUE KEY `uniq_lecture_teacher` (`batch_id`,`lecture_id`,`teacher_id`),
  KEY `idx_lecture_teacher` (`lecture_id`,`teacher_id`),
  KEY `fk_lecture_teachers_teacher` (`teacher_id`),
  CONSTRAINT `fk_lecture_teachers_lecture` FOREIGN KEY (`batch_id`, `lecture_id`) REFERENCES `lectures` (`batch_id`, `lecture_id`),
  CONSTRAINT `fk_lecture_teachers_teacher` FOREIGN KEY (`teacher_id`) REFERENCES `teachers` (`id`)
) ENGINE=InnoDB AUTO_INCREMENT=179 DEFAULT CHARSET=utf8mb4 COLLATE=utf8mb4_0900_ai_ci;
/*!40101 SET character_set_client = @saved_cs_client */;

--
-- Dumping data for table `lecture_teachers`
--

LOCK TABLES `lecture_teachers` WRITE;
/*!40000 ALTER TABLE `lecture_teachers` DISABLE KEYS */;
INSERT INTO `lecture_teachers` VALUES (1,'686e070566b99c2b6213415a','6816e8e352761af1b7cc1990',1,'2026-02-11 16:48:35'),(2,'68e9dbd7ce8c800c7a1188ae','6816e8e352761af1b7cc1990',2,'2026-02-11 16:59:02'),(3,'67cdce2eae6a9577102bfca7','65009b8da16ad00018ae49c0',3,'2026-02-11 17:07:47'),(4,'67cdcdfe255aed3de04ba671','65009b8da16ad00018ae49c0',3,'2026-02-11 17:09:05'),(5,'67cdcdd03044f0dd3ca56a50','65009b8da16ad00018ae49c0',3,'2026-02-11 17:10:20'),(6,'67cdcc9cdd2999dd730d0e9b','65009b8da16ad00018ae49c0',3,'2026-02-11 17:11:22'),(7,'67cdcc6667766d848a9378b7','65009b8da16ad00018ae49c0',3,'2026-02-11 17:12:27'),(8,'67cdcc323044f0dd3ca560b9','65009b8da16ad00018ae49c0',3,'2026-02-11 17:14:24'),(9,'67cdcbf2d0c5090fea980294','65009b8da16ad00018ae49c0',3,'2026-02-11 17:16:09'),(10,'67cdcbc3bb10b3e02dcb964d','65009b8da16ad00018ae49c0',3,'2026-02-11 17:17:49'),(11,'67cdcb8e947dddc9d1f6782d','65009b8da16ad00018ae49c0',3,'2026-02-11 17:19:39'),(12,'68e9db92509a1c7d986affcc','6816e8e352761af1b7cc1990',2,'2026-02-11 17:21:37'),(13,'67cdcb20cdb32f240bce1c97','65009b8da16ad00018ae49c0',3,'2026-02-11 17:21:46'),(14,'67cc7112533310ff065e678c','65009b8da16ad00018ae49c0',14,'2026-02-11 17:26:09'),(15,'67cc70e4a0333fc355543b8a','65009b8da16ad00018ae49c0',14,'2026-02-11 17:28:15'),(16,'67cc709107fbd9d1b2cc594f','65009b8da16ad00018ae49c0',14,'2026-02-11 17:30:10'),(17,'67cc705db2de5c043975fc5a','65009b8da16ad00018ae49c0',14,'2026-02-11 17:32:18'),(18,'67cc702f91f0457d2cbb47ef','65009b8da16ad00018ae49c0',14,'2026-02-11 17:34:24'),(19,'647689f3834e490018f0a96c','628b50055b231b0018a8712c',19,'2026-02-11 17:34:59'),(20,'67cc6ffc4176d7d83c9dce94','65009b8da16ad00018ae49c0',14,'2026-02-11 17:36:27'),(21,'686b66e245e6943ece004b8e','6816e8e352761af1b7cc1990',1,'2026-02-11 17:36:52'),(22,'686b66c23732b578b8c6e771','6816e8e352761af1b7cc1990',1,'2026-02-11 17:38:41'),(23,'67cc6fb3fc2856a46a1dab29','65009b8da16ad00018ae49c0',14,'2026-02-11 17:38:45'),(24,'6864c521fa5084aacbd41421','6816e8e352761af1b7cc1990',1,'2026-02-11 17:40:04'),(25,'67cc6f80a3be808c9f9e26a2','65009b8da16ad00018ae49c0',14,'2026-02-11 17:41:03'),(26,'6864c4e493134e7e4340a898','6816e8e352761af1b7cc1990',1,'2026-02-11 17:41:31'),(27,'6864c4ce5f85f78caeff679c','6816e8e352761af1b7cc1990',1,'2026-02-11 17:42:32'),(28,'67cc6f46bc55d3dc9d0faa44','65009b8da16ad00018ae49c0',14,'2026-02-11 17:43:36'),(29,'6864c4ae79ba4cc5431de081','6816e8e352761af1b7cc1990',1,'2026-02-11 17:44:43'),(30,'67cc6f147eaacf83b8922d01','65009b8da16ad00018ae49c0',14,'2026-02-11 17:46:17'),(31,'685e41f3ae760eb35bad011e','6816e8e352761af1b7cc1990',1,'2026-02-11 17:47:51'),(32,'67cc6eba9edca31e7d5bbb2c','65009b8da16ad00018ae49c0',14,'2026-02-11 17:48:35'),(33,'67cc6e84958e01233c5475f0','65009b8da16ad00018ae49c0',14,'2026-02-11 17:50:26'),(34,'685e41e1d9d0c2947e8636dc','6816e8e352761af1b7cc1990',1,'2026-02-11 17:51:26'),(35,'685e419d7c213c7a494e0178','6816e8e352761af1b7cc1990',1,'2026-02-11 17:52:32'),(36,'67cc6e4fd0f57a7e4ed919fa','65009b8da16ad00018ae49c0',14,'2026-02-11 17:52:46'),(37,'685e4185ab23c99924b2abfe','6816e8e352761af1b7cc1990',1,'2026-02-11 17:53:59'),(38,'67cc6dff1cc3719248248bf4','65009b8da16ad00018ae49c0',14,'2026-02-11 17:54:51'),(39,'685ceaca5d494200924cea7c','6816e8e352761af1b7cc1990',1,'2026-02-11 17:55:22'),(40,'67cc6dc76612d41fb21e7520','65009b8da16ad00018ae49c0',14,'2026-02-11 17:56:56'),(41,'685c17172da8177cf262a9ec','6816e8e352761af1b7cc1990',1,'2026-02-11 17:57:02'),(42,'6854f6b5289a137d76907485','6816e8e352761af1b7cc1990',1,'2026-02-11 17:58:39'),(43,'67cc6d7eb51c860737614002','65009b8da16ad00018ae49c0',14,'2026-02-11 17:59:32'),(44,'67cc6d479edca31e7d5bb55e','65009b8da16ad00018ae49c0',14,'2026-02-11 18:01:45'),(45,'6854f69f524051982ce5f00b','6816e8e352761af1b7cc1990',1,'2026-02-11 18:01:55'),(46,'6854f68a524051982ce5eef0','6816e8e352761af1b7cc1990',1,'2026-02-11 18:03:11'),(47,'67cc6d12bc55d3dc9d0f951a','65009b8da16ad00018ae49c0',14,'2026-02-11 18:04:39'),(48,'6854f6418c8f47f7296d5c9f','6816e8e352761af1b7cc1990',1,'2026-02-11 18:04:48'),(49,'6853b6dd034b0df83262109c','6816e8e352761af1b7cc1990',1,'2026-02-11 18:05:55'),(50,'646ff23a4cbd6c0018a98d38','628b50055b231b0018a8712c',19,'2026-02-11 18:06:08'),(51,'685253ef3a03029807d714c3','6816e8e352761af1b7cc1990',1,'2026-02-11 18:07:34'),(52,'67cc6ccb035d24180de10bcc','65009b8da16ad00018ae49c0',14,'2026-02-11 18:08:43'),(53,'684bc21b591cc708fbcf2c19','6816e8e352761af1b7cc1990',1,'2026-02-11 18:09:05'),(54,'67cc6c919edca31e7d5bb20d','65009b8da16ad00018ae49c0',14,'2026-02-11 18:10:22'),(55,'684bc1fdff9abc9114c5db89','6816e8e352761af1b7cc1990',1,'2026-02-11 18:11:55'),(56,'684bc1e292c5a3e451692320','6816e8e352761af1b7cc1990',1,'2026-02-11 18:13:45'),(57,'684bc1286852a390b2605f3f','6816e8e352761af1b7cc1990',1,'2026-02-11 18:15:54'),(58,'68467cc651becb2bceef2edc','6816e8e352761af1b7cc1990',1,'2026-02-11 18:17:18'),(59,'68467cab16601017916dbacd','6816e8e352761af1b7cc1990',1,'2026-02-11 18:18:44'),(60,'68467c8562ce6b401041235c','6816e8e352761af1b7cc1990',1,'2026-02-11 18:20:25'),(61,'68467bfda0e6bfdddd3e8c29','6816e8e352761af1b7cc1990',1,'2026-02-11 18:22:07'),(62,'686612adbfff9e4c0cbdfaca','6816e8e352761af1b7cc1990',62,'2026-02-11 18:31:42'),(63,'67caddc0d0f57a7e4ed0d37d','65009b8da16ad00018ae49c0',63,'2026-02-11 18:36:31'),(66,'67cadd76958e01233c4bcce6','65009b8da16ad00018ae49c0',63,'2026-02-11 18:38:03'),(76,'67cadd371952157272af7202','65009b8da16ad00018ae49c0',63,'2026-02-11 18:40:11'),(78,'685f810e580934e9e8d76ca1','6816e8e352761af1b7cc1990',62,'2026-02-11 18:40:19'),(85,'685f80f9aea4285b60ef2b73','6816e8e352761af1b7cc1990',62,'2026-02-11 18:41:42'),(87,'67cadcf196588e9b0331099b','65009b8da16ad00018ae49c0',63,'2026-02-11 18:41:57'),(97,'67cadcb35e3d6cd49018877d','65009b8da16ad00018ae49c0',63,'2026-02-11 18:44:20'),(104,'646e2c0a61bac00018496a62','628b50055b231b0018a8712c',19,'2026-02-11 18:46:14'),(105,'67cadc62533310ff0655fb6a','65009b8da16ad00018ae49c0',63,'2026-02-11 18:47:31'),(109,'646d5023e3143700181b7760','628b50055b231b0018a8712c',19,'2026-02-11 18:48:48'),(110,'646bffcdd65c200018050a31','628b50055b231b0018a8712c',19,'2026-02-11 18:51:07'),(152,'694e7e792dd431517bd2f09e','6816e8e352761af1b7cc1990',152,'2026-02-11 19:07:06'),(153,'663e644fca72e1001838e7fc','65009b8da16ad00018ae49c0',3,'2026-02-11 19:07:47'),(154,'67cadc20a2d20ccc86c3aea6','65009b8da16ad00018ae49c0',63,'2026-02-12 05:38:29'),(155,'672c89baba5e346b15a55342','65009b8da16ad00018ae49c0',155,'2026-02-12 05:47:58'),(156,'672a7361f28c4d1d48f81665','65009b8da16ad00018ae49c0',155,'2026-02-12 05:53:14'),(157,'671f64b0ea0e7d304db3bd27','65009b8da16ad00018ae49c0',155,'2026-02-12 05:58:28'),(158,'671f648e2a05d3ede38fc8fe','65009b8da16ad00018ae49c0',155,'2026-02-12 06:04:02'),(159,'671bab04764d3878590a1e89','65009b8da16ad00018ae49c0',155,'2026-02-12 06:10:52'),(160,'671baad61a7c9e26d93a1d37','65009b8da16ad00018ae49c0',155,'2026-02-12 06:16:03'),(161,'6803a4986a80831ef1f6cdb7','65009b8da16ad00018ae49c0',155,'2026-02-12 07:46:14'),(162,'67f18a9b222eba5b7940b960','65009b8da16ad00018ae49c0',155,'2026-02-12 07:50:29'),(163,'67ea1f918c97e12b444dde1e','65009b8da16ad00018ae49c0',155,'2026-02-12 07:54:32'),(164,'67ea1f7235758c4dce72623c','65009b8da16ad00018ae49c0',155,'2026-02-12 07:58:26'),(165,'67ea1f5235758c4dce7261b0','65009b8da16ad00018ae49c0',155,'2026-02-12 08:02:42'),(166,'67ea1f36392b6fae79022303','65009b8da16ad00018ae49c0',155,'2026-02-12 08:06:18'),(167,'67ea1e83ca6bd698f75552d3','65009b8da16ad00018ae49c0',155,'2026-02-12 08:10:14'),(168,'67e591f2ffbcd1f1bec1677d','65009b8da16ad00018ae49c0',155,'2026-02-12 08:13:59'),(169,'67e591e39419a6e8b3ad353c','65009b8da16ad00018ae49c0',155,'2026-02-12 08:17:33'),(170,'67e591d3ae43296ec8ab0db2','65009b8da16ad00018ae49c0',155,'2026-02-12 08:21:54'),(171,'65827512da4e1e0018db29b4','65009b8da16ad00018ae49c0',166,'2026-02-12 08:25:18'),(174,'658110074d2c1e001835f4b0','65009b8da16ad00018ae49c0',166,'2026-02-12 08:29:04'),(175,'657ff435c03fad001808a353','65009b8da16ad00018ae49c0',166,'2026-02-12 08:33:29'),(176,'657c2a9bad992000187b5649','65009b8da16ad00018ae49c0',166,'2026-02-12 08:38:05'),(177,'657ab1bed807ab0018b72414','65009b8da16ad00018ae49c0',166,'2026-02-12 08:42:29'),(178,'657945e54db3bd00188265c9','65009b8da16ad00018ae49c0',166,'2026-02-12 08:47:30');
/*!40000 ALTER TABLE `lecture_teachers` ENABLE KEYS */;
UNLOCK TABLES;

--
-- Table structure for table `lecture_uploads`
--

DROP TABLE IF EXISTS `lecture_uploads`;
/*!40101 SET @saved_cs_client     = @@character_set_client */;
/*!50503 SET character_set_client = utf8mb4 */;
CREATE TABLE `lecture_uploads` (
  `id` bigint NOT NULL AUTO_INCREMENT,
  `batch_id` varchar(128) NOT NULL,
  `lecture_id` varchar(128) NOT NULL,
  `status` varchar(32) NOT NULL DEFAULT 'pending',
  `server_id` varchar(128) DEFAULT NULL,
  `file_path` text,
  `file_size` bigint DEFAULT NULL,
  `upload_bytes` bigint DEFAULT NULL,
  `upload_total` bigint DEFAULT NULL,
  `upload_percent` float DEFAULT NULL,
  `telegram_chat_id` varchar(128) DEFAULT NULL,
  `telegram_message_id` varchar(128) DEFAULT NULL,
  `telegram_file_id` varchar(255) DEFAULT NULL,
  `error_text` text,
  `updated_at` timestamp NOT NULL DEFAULT CURRENT_TIMESTAMP ON UPDATE CURRENT_TIMESTAMP,
  `created_at` timestamp NOT NULL DEFAULT CURRENT_TIMESTAMP,
  PRIMARY KEY (`id`),
  UNIQUE KEY `uniq_upload_lecture` (`batch_id`,`lecture_id`),
  CONSTRAINT `fk_upload_lecture` FOREIGN KEY (`batch_id`, `lecture_id`) REFERENCES `lectures` (`batch_id`, `lecture_id`)
) ENGINE=InnoDB AUTO_INCREMENT=13240 DEFAULT CHARSET=utf8mb4 COLLATE=utf8mb4_0900_ai_ci;
/*!40101 SET character_set_client = @saved_cs_client */;

--
-- Dumping data for table `lecture_uploads`
--

LOCK TABLES `lecture_uploads` WRITE;
/*!40000 ALTER TABLE `lecture_uploads` DISABLE KEYS */;
INSERT INTO `lecture_uploads` VALUES (1,'6816e8e352761af1b7cc1990','686e070566b99c2b6213415a','done','codespaces-2b33cd','./signalsandsystems_Ch_01___Introduction_to_Signals__Systems_Digital_Filters_By_Sujal_Sir.mp4',473262688,473262688,473262688,100,'-1003382065361','95','BAACAgUAAyEGAATJljjRAANfaYyzDLexdAaQAnnYFlA3bq1_tpIAAmYeAALL7mhUXvQg_wOW-AEeBA',NULL,'2026-02-11 16:49:17','2026-02-11 16:48:35'),(105,'6816e8e352761af1b7cc1990','68e9dbd7ce8c800c7a1188ae','done','3ff62f4c-7f5b-4afa-a1fc-78cfe7be7991','./networktheory_Ch_01__Basics_of_Network_Theory_Lec_06__Miscellaneous_Part_06__Extra_Class_14725.mp4',318387556,318387556,318387556,100,'-1003382065361','104','BAACAgUAAyEGAATJljjRAANoaYy6lMYbQYvKKtc3Y60O63S-hpQAAnweAALL7mhUyJTlRgQulhseBA',NULL,'2026-02-11 17:21:26','2026-02-11 17:03:44'),(273,'65009b8da16ad00018ae49c0','67cdce2eae6a9577102bfca7','done','server.codetechfoundation.tech','./basicsofcomputersystem_CH_01__Basics_Of_Computer_System_Basics_Of_Computer_System_10__Basics_of_Data_Structures__Recorded.mp4',198990271,198990271,198990271,100,'-1003382065361','96','BAACAgUAAyEGAATJljjRAANgaYy3sIyGGAoVBRxRt69Y2rsUaiUAAnQeAALL7mhUPIzeNkn8Fe4eBA',NULL,'2026-02-11 17:09:04','2026-02-11 17:08:40'),(421,'65009b8da16ad00018ae49c0','67cdcdfe255aed3de04ba671','done','server.codetechfoundation.tech','./basicsofcomputersystem_CH_01__Basics_Of_Computer_System_Basics_Of_Computer_System_09__Basics_of_Operating_System__Recorded_.mp4',205408095,205408095,205408095,100,'-1003382065361','97','BAACAgUAAyEGAATJljjRAANhaYy3-t4LqlezGm6OLvUeo-IgoAADdR4AAsvuaFQG5aggzRxW8h4E',NULL,'2026-02-11 17:10:19','2026-02-11 17:09:58'),(558,'65009b8da16ad00018ae49c0','67cdcdd03044f0dd3ca56a50','done','server.codetechfoundation.tech','./basicsofcomputersystem_CH_01__Basics_Of_Computer_System_Basics_Of_Computer_System_08__Memory_System__Recorded___Reschedule_1030PM.mp4',189151341,189151341,189151341,100,'-1003382065361','98','BAACAgUAAyEGAATJljjRAANiaYy4OXHwAAFxSoO7p1ert0HgFDNJAAJ2HgACy-5oVGJUYfGGgGblHgQ',NULL,'2026-02-11 17:11:22','2026-02-11 17:11:01'),(698,'65009b8da16ad00018ae49c0','67cdcc9cdd2999dd730d0e9b','done','server.codetechfoundation.tech','./basicsofcomputersystem_CH_01__Basics_Of_Computer_System_Basics_Of_Computer_System_07__Various_Terminologies__Recorded.mp4',172961005,172961005,172961005,100,'-1003382065361','99','BAACAgUAAyEGAATJljjRAANjaYy4evBEQVNFDn9hrhmoiKSZhqQAAnceAALL7mhUAAErbZcO_QHOHgQ',NULL,'2026-02-11 17:12:26','2026-02-11 17:12:04'),(862,'65009b8da16ad00018ae49c0','67cdcc6667766d848a9378b7','done','server.codetechfoundation.tech','./basicsofcomputersystem_CH_01__Basics_Of_Computer_System_Basics_Of_Computer__System_06__Units__Conversions__Recorded.mp4',323736307,323736307,323736307,100,'-1003382065361','100','BAACAgUAAyEGAATJljjRAANkaYy4768LtN3dlQsnIJkaizCewVIAAngeAALL7mhUlWcDnhJX2V4eBA',NULL,'2026-02-11 17:14:23','2026-02-11 17:13:50'),(1020,'65009b8da16ad00018ae49c0','67cdcc323044f0dd3ca560b9','done','server.codetechfoundation.tech','./basicsofcomputersystem_CH_01__Basics_Of_Computer_System_Basics_Of_Computer_System_05__Binary_and_Power_of_2s__Recorded_.mp4',219889446,219889446,219889446,100,'-1003382065361','101','BAACAgUAAyEGAATJljjRAANlaYy5WG_A2puXYvKW5-BTPXk96RYAAnkeAALL7mhUqS6y8AABIXeqHgQ',NULL,'2026-02-11 17:16:08','2026-02-11 17:15:26'),(1194,'65009b8da16ad00018ae49c0','67cdcbf2d0c5090fea980294','done','server.codetechfoundation.tech','./basicsofcomputersystem_CH_01__Basics_Of_Computer_System_Basics_Of_Computer_System_04__Number_System__Recorded.mp4',288151944,288151944,288151944,100,'-1003382065361','102','BAACAgUAAyEGAATJljjRAANmaYy5vCN1crKM4qlXOJRIYF_zTBcAAnoeAALL7mhUW-_FR7Qv0pgeBA',NULL,'2026-02-11 17:17:49','2026-02-11 17:17:22'),(1347,'65009b8da16ad00018ae49c0','67cdcbc3bb10b3e02dcb964d','done','server.codetechfoundation.tech','./basicsofcomputersystem_CH_01__Basics_Of_Computer_System_Basics_Of_Computer_System_03__Data_in_Computer_System___Recorded.mp4',244712242,244712242,244712242,100,'-1003382065361','103','BAACAgUAAyEGAATJljjRAANnaYy6Kivntsp95SowHhiUENvo6RwAAnseAALL7mhUvVCuV5SSOBQeBA',NULL,'2026-02-11 17:19:38','2026-02-11 17:18:53'),(1531,'65009b8da16ad00018ae49c0','67cdcb8e947dddc9d1f6782d','done','server.codetechfoundation.tech','./basicsofcomputersystem_CH_01__Basics_Of_Computer_System_Basics_Of_Computer_System_02__How_a_Computer_Works__Recorded.mp4',373422698,373422698,373422698,100,'-1003382065361','105','BAACAgUAAyEGAATJljjRAANpaYy6qYcAATZdtIscAgpEJ-VqlKG0AAJ9HgACy-5oVDlzcUIFNF-9HgQ',NULL,'2026-02-11 17:21:45','2026-02-11 17:21:09'),(1645,'65009b8da16ad00018ae49c0','67cdcb20cdb32f240bce1c97','done','server.codetechfoundation.tech','./basicsofcomputersystem_CH_01__Basics_Of_Computer_System_Basics_Of_Computer_System_01__Components_of_Computer__Recorded.mp4',434115339,434115339,434115339,100,'-1003382065361','106','BAACAgUAAyEGAATJljjRAANqaYy7OCpRiBze8-i0ktgTMph1olAAAn4eAALL7mhUj-g50jojYyEeBA',NULL,'2026-02-11 17:24:08','2026-02-11 17:23:31'),(1749,'65009b8da16ad00018ae49c0','67cc7112533310ff065e678c','done','server.codetechfoundation.tech','./fundamentalofclanguage_CH_01__Introduction_String__Structure_02__Structure__Union.mp4',316870668,316870668,316870668,100,'-1003382065361','107','BAACAgUAAyEGAATJljjRAANraYy8LaQQL89X7JYg5WHRfWWwb_gAAn8eAALL7mhUAAGlKSJCmZfkHgQ',NULL,'2026-02-11 17:28:13','2026-02-11 17:27:39'),(1852,'65009b8da16ad00018ae49c0','67cc70e4a0333fc355543b8a','done','server.codetechfoundation.tech','./fundamentalofclanguage_CH_01__Introduction_String__Structure_01__String__Recorded.mp4',272274340,272274340,272274340,100,'-1003382065361','108','BAACAgUAAyEGAATJljjRAANsaYy8oFnSm4EbHB9kZoO0F9R0j-YAAoAeAALL7mhUu-dBqon4bHAeBA',NULL,'2026-02-11 17:30:08','2026-02-11 17:29:40'),(1955,'65009b8da16ad00018ae49c0','67cc709107fbd9d1b2cc594f','done','server.codetechfoundation.tech','./fundamentalofclanguage_CH_01__Introduction_Array__Pointer_04__Array_2D__Recorded.mp4',322107399,322107399,322107399,100,'-1003382065361','109','BAACAgUAAyEGAATJljjRAANtaYy9IB9v3mQ5ZuI_rCVLiqGxznEAAoEeAALL7mhUYDytA3sXosQeBA',NULL,'2026-02-11 17:32:16','2026-02-11 17:31:43'),(2058,'65009b8da16ad00018ae49c0','67cc705db2de5c043975fc5a','done','server.codetechfoundation.tech','./fundamentalofclanguage_CH_01__Introduction_Array__Pointer_03__Array_1D__Recorded.mp4',310495168,310495168,310495168,100,'-1003382065361','110','BAACAgUAAyEGAATJljjRAANuaYy9nsLY6tEQ3WO48Z6fZXHULJMAAoIeAALL7mhU3Bpjwqb1iR0eBA',NULL,'2026-02-11 17:34:22','2026-02-11 17:33:51'),(2161,'65009b8da16ad00018ae49c0','67cc702f91f0457d2cbb47ef','done','server.codetechfoundation.tech','./fundamentalofclanguage_CH_01__Introduction_Array__Pointer_02__Array__Recorded.mp4',313522689,313522689,313522689,100,'-1003382065361','111','BAACAgUAAyEGAATJljjRAANvaYy-GVeejxA1vPQ-ojxEj-D1ydMAAoMeAALL7mhUqJvPtjS3GXweBA',NULL,'2026-02-11 17:36:25','2026-02-11 17:35:53'),(2264,'65009b8da16ad00018ae49c0','67cc6ffc4176d7d83c9dce94','done','server.codetechfoundation.tech','./fundamentalofclanguage_CH_01__Introduction_Array__Pointer_01__Pointer__Recorded.mp4',286762030,286762030,286762030,100,'-1003382065361','113','BAACAgUAAyEGAATJljjRAANxaYy-o8fYn4z1SJlkwfIiY4AvohMAAoUeAALL7mhUPGPpah-YWgABHgQ',NULL,'2026-02-11 17:38:43','2026-02-11 17:37:50'),(2281,'6816e8e352761af1b7cc1990','686b66e245e6943ece004b8e','done','codespaces-2b33cd','./signalsandsystems_Ch_11__Extra_Topic_Digital_Filters_Discrete_Time_Fourier_Series__One_Shot_By_Sujal_Sir.mp4',198436075,198436075,198436075,100,'-1003382065361','112','BAACAgUAAyEGAATJljjRAANwaYy-oImHiLqMXDSKgpvIpfQhtmsAAoQeAALL7mhUBJcaBCIuXr0eBA',NULL,'2026-02-11 17:38:41','2026-02-11 17:38:02'),(2478,'6816e8e352761af1b7cc1990','686b66c23732b578b8c6e771','done','codespaces-2b33cd','./signalsandsystems_Ch_11__Extra_Topic_Digital_Filters_Discrete_Fourier_Transform__One_Shot_By_Sujal_Sir.mp4',108517757,108517757,108517757,100,'-1003382065361','114','BAACAgUAAyEGAATJljjRAANyaYy-820IHR5ZS9UnVlpQlTxWEmIAAoYeAALL7mhUtpuYMDSnNC4eBA',NULL,'2026-02-11 17:40:03','2026-02-11 17:39:42'),(2581,'65009b8da16ad00018ae49c0','67cc6fb3fc2856a46a1dab29','done','server.codetechfoundation.tech','./fundamentalofclanguage_CH_01__Introduction_Function__Storage_Class_04__Storage_Class__Recorded.mp4',320484557,320484557,320484557,100,'-1003382065361','115','BAACAgUAAyEGAATJljjRAANzaYy_LcvosHes2bKiZFZwM43xGykAAoceAALL7mhUurqirSSpaHceBA',NULL,'2026-02-11 17:41:01','2026-02-11 17:40:20'),(2695,'628b50055b231b0018a8712c','647689f3834e490018f0a96c','done','3ff62f4c-7f5b-4afa-a1fc-78cfe7be7991','./physics_JEE_Mains_Revision_ERROR_lecture__jee_Advanced_31052023.mp4',NULL,439237856,439237856,100,'-1003382065361','138','BAACAgUAAyEGAATJljjRAAOKaYzE59A14JN6IGIZHegYIbCxVMkAAqMeAALL7mhU9LZD_xc1zzMeBA',NULL,'2026-02-11 18:05:29','2026-02-11 17:41:02'),(2696,'6816e8e352761af1b7cc1990','6864c521fa5084aacbd41421','done','codespaces-2b33cd','./signalsandsystems_Ch_11__Extra_Topic_Digital_Filters_ZTransform_04__ZTransform_Part_04_By_Sujal_Sir.mp4',162907799,162907799,162907799,100,'-1003382065361','116','BAACAgUAAyEGAATJljjRAAN0aYy_SjEfRIh0modmikF87PuX43MAAogeAALL7mhUeNWKORytN1UeBA',NULL,'2026-02-11 17:41:30','2026-02-11 17:41:09'),(2833,'6816e8e352761af1b7cc1990','6864c4e493134e7e4340a898','done','codespaces-2b33cd','./signalsandsystems_Ch_11__Extra_Topic_Digital_Filters_ZTransform_03__ZTransform_Part_03_By_Sujal_Sir.mp4',105556153,105556153,105556153,100,'-1003382065361','117','BAACAgUAAyEGAATJljjRAAN1aYy_h2NGIWuWidISu-BWkhG31RcAAokeAALL7mhUNFaoYRf-WaIeBA',NULL,'2026-02-11 17:42:32','2026-02-11 17:42:09'),(2954,'65009b8da16ad00018ae49c0','67cc6f80a3be808c9f9e26a2','done','server.codetechfoundation.tech','./fundamentalofclanguage_CH_01__Introduction_Function__Storage_Class_03__Local_and_Global_Variable__Recorded.mp4',336848067,336848067,336848067,100,'-1003382065361','118','BAACAgUAAyEGAATJljjRAAN2aYy_xmMv170KknLS4xo5tjn8SmsAAooeAALL7mhUlcs7zJ0jHlYeBA',NULL,'2026-02-11 17:43:34','2026-02-11 17:42:38'),(3124,'6816e8e352761af1b7cc1990','6864c4ce5f85f78caeff679c','done','codespaces-2b33cd','./signalsandsystems_Ch_11__Extra_Topic_Digital_Filters_ZTransform_02__ZTransform_Part_02_By_Sujal_Sir.mp4',171071319,171071319,171071319,100,'-1003382065361','119','BAACAgUAAyEGAATJljjRAAN3aYzACjGdN5Cvm5cnXtumaHfiGZUAAoseAALL7mhUBWi8wEJEJPgeBA',NULL,'2026-02-11 17:44:42','2026-02-11 17:44:21'),(3255,'65009b8da16ad00018ae49c0','67cc6f46bc55d3dc9d0faa44','done','server.codetechfoundation.tech','./fundamentalofclanguage_CH_01__Introduction_Function__Storage_Class_02__Function_Part_02__Recorded.mp4',336117290,336117290,336117290,100,'-1003382065361','120','BAACAgUAAyEGAATJljjRAAN4aYzAZ8rkuCe_eqJCQbV30QlE0XoAAo0eAALL7mhUEIlaGm0l-IoeBA',NULL,'2026-02-11 17:46:16','2026-02-11 17:45:13'),(3465,'6816e8e352761af1b7cc1990','6864c4ae79ba4cc5431de081','done','codespaces-2b33cd','./signalsandsystems_Ch_11__Extra_Topic_Digital_Filters_ZTransform_01__ZTransform_Part_01_By_Sujal_Sir.mp4',197168711,197168711,197168711,100,'-1003382065361','121','BAACAgUAAyEGAATJljjRAAN5aYzAxounBZl_KJYUQJ1Q4ZS1E9wAAo4eAALL7mhU-NF_YecOHXoeBA',NULL,'2026-02-11 17:47:50','2026-02-11 17:47:11'),(3563,'65009b8da16ad00018ae49c0','67cc6f147eaacf83b8922d01','done','server.codetechfoundation.tech','./fundamentalofclanguage_CH_01__Introduction_Function__Storage_Class_01__Function_Part_01__Recorded.mp4',287596392,287596392,287596392,100,'-1003382065361','122','BAACAgUAAyEGAATJljjRAAN6aYzA8azNcYbpQz3VXO2VfH35nXkAAo8eAALL7mhUCCiwVNVYfQIeBA',NULL,'2026-02-11 17:48:34','2026-02-11 17:47:42'),(3776,'65009b8da16ad00018ae49c0','67cc6eba9edca31e7d5bbb2c','done','server.codetechfoundation.tech','./fundamentalofclanguage_CH_01__Introduction_Control_Flow_Statement_03__Control_Flow_Statement_Part_03__Recorded.mp4',270988213,270988213,270988213,100,'-1003382065361','123','BAACAgUAAyEGAATJljjRAAN7aYzBYPVQsUvEEHIAAcd-D2WXBzYXAAKQHgACy-5oVPQNq3GknLpyHgQ',NULL,'2026-02-11 17:50:25','2026-02-11 17:49:58'),(3916,'6816e8e352761af1b7cc1990','685e41f3ae760eb35bad011e','done','codespaces-2b33cd','./signalsandsystems_Ch_11__Extra_Topic_Digital_Filters_Discrete_Time_Fourier_Transform_04__Discrete_Time_Fourier_Transform_Part_04_By_Sujal_Sir.mp4',151889877,151889877,151889877,100,'-1003382065361','124','BAACAgUAAyEGAATJljjRAAN8aYzBnX6upNQ4CRyhQlwmHqnWd3gAApEeAALL7mhUptq6kH-G7A8eBA',NULL,'2026-02-11 17:51:25','2026-02-11 17:51:02'),(4054,'65009b8da16ad00018ae49c0','67cc6e84958e01233c5475f0','done','server.codetechfoundation.tech','./fundamentalofclanguage_CH_01__Introduction_Control_Flow_Statement_02__Control_Flow_Statement_Part_02__Recorded.mp4',335137523,335137523,335137523,100,'-1003382065361','125','BAACAgUAAyEGAATJljjRAAN9aYzB7O-h2-CYdP3unzWrXbVlDgkAApMeAALL7mhUiv8VOHrBwWMeBA',NULL,'2026-02-11 17:52:44','2026-02-11 17:52:03'),(4145,'6816e8e352761af1b7cc1990','685e41e1d9d0c2947e8636dc','failed',NULL,NULL,NULL,NULL,NULL,NULL,NULL,NULL,NULL,'Downloaded file not found for upload','2026-02-11 17:52:31','2026-02-11 17:52:31'),(4217,'6816e8e352761af1b7cc1990','685e419d7c213c7a494e0178','done','codespaces-2b33cd','./signalsandsystems_Ch_11__Extra_Topic_Digital_Filters_Discrete_Time_Fourier_Transform_02__Discrete_Time_Fourier_Transform_Part_02_By_Sujal_Sir.mp4',165944922,165944922,165944922,100,'-1003382065361','126','BAACAgUAAyEGAATJljjRAAN-aYzCNqy4EVlzJbFNxDXm79aoYUoAApQeAALL7mhUl1PeN0drMBoeBA',NULL,'2026-02-11 17:53:59','2026-02-11 17:53:38'),(4343,'65009b8da16ad00018ae49c0','67cc6e4fd0f57a7e4ed919fa','done','server.codetechfoundation.tech','./fundamentalofclanguage_CH_01__Introduction_Control_Flow_Statement_01__Control_Flow_Statement_Part_01__Recorded.mp4',312054940,312054940,312054940,100,'-1003382065361','127','BAACAgUAAyEGAATJljjRAAN_aYzCaNWLWLbIUyvcnzLD4Jr3NKwAApUeAALL7mhU1_AQsBn0qIEeBA',NULL,'2026-02-11 17:54:49','2026-02-11 17:54:17'),(4472,'6816e8e352761af1b7cc1990','685e4185ab23c99924b2abfe','done','codespaces-2b33cd','./signalsandsystems_Ch_11__Extra_Topic_Digital_Filters_Discrete_Time_Fourier_Transform_01__Discrete_Time_Fourier_Transform_Part_01_By_Sujal_Sir.mp4',157966530,157966530,157966530,100,'-1003382065361','128','BAACAgUAAyEGAATJljjRAAOAaYzCiQw3wdSsriP98NRQJr6z7VkAApYeAALL7mhU0axBjAb8yegeBA',NULL,'2026-02-11 17:55:22','2026-02-11 17:55:02'),(4623,'65009b8da16ad00018ae49c0','67cc6dff1cc3719248248bf4','done','server.codetechfoundation.tech','./fundamentalofclanguage_CH_01__Introduction_Data_Types__Operator_05__Data_Type__Operator_Part_03__Recorded.mp4',304199565,304199565,304199565,100,'-1003382065361','129','BAACAgUAAyEGAATJljjRAAOBaYzC5t0wl95yIr40Yhu_ZXYWfLcAApceAALL7mhURbybs5U-Q64eBA',NULL,'2026-02-11 17:56:54','2026-02-11 17:56:24'),(4676,'6816e8e352761af1b7cc1990','685ceaca5d494200924cea7c','done','codespaces-2b33cd','./signalsandsystems_Ch_11__Extra_Topic_Digital_Filters_Laplace_Transform_06__Laplace_Transform_Part_06_By_Sujal_Sir.mp4',187056561,187056561,187056561,100,'-1003382065361','130','BAACAgUAAyEGAATJljjRAAOCaYzC7X1WHvFIvSyeBwgFOysETfoAApgeAALL7mhU11X-Jy80KgIeBA',NULL,'2026-02-11 17:57:01','2026-02-11 17:56:38'),(4893,'6816e8e352761af1b7cc1990','685c17172da8177cf262a9ec','done','codespaces-2b33cd','./signalsandsystems_Ch_11__Extra_Topic_Digital_Filters_Laplace_Transform_05__Laplace_Transform_Part_05_By_Sujal_Sir.mp4',189199364,189199364,189199364,100,'-1003382065361','131','BAACAgUAAyEGAATJljjRAAODaYzDTopPPKPEaiKW1m9VR0ShhHsAApkeAALL7mhU-Td99nSTe1AeBA',NULL,'2026-02-11 17:58:39','2026-02-11 17:58:15'),(4932,'65009b8da16ad00018ae49c0','67cc6dc76612d41fb21e7520','done','server.codetechfoundation.tech','./fundamentalofclanguage_CH_01__Introduction_Data_Types__Operator_04__Data_Type__Operator_Part_02__Recorded.mp4',306051366,306051366,306051366,100,'-1003382065361','132','BAACAgUAAyEGAATJljjRAAOEaYzDghXqowmoErXtvZVA8KNC08IAApweAALL7mhUQ3qmvW26ixYeBA',NULL,'2026-02-11 17:59:30','2026-02-11 17:58:27'),(5191,'6816e8e352761af1b7cc1990','6854f6b5289a137d76907485','done','codespaces-2b33cd','./signalsandsystems_Ch_11__Extra_Topic_Digital_Filters_Laplace_Transform_04__Laplace_Transform_Part_04__Rescheduled_0700PM.mp4',352116269,352116269,352116269,100,'-1003382065361','134','BAACAgUAAyEGAATJljjRAAOGaYzEEqZkbq_qXLEpuV7insx5WgQAAp4eAALL7mhUDT6b2GcSTTseBA',NULL,'2026-02-11 18:01:55','2026-02-11 18:00:06'),(5357,'65009b8da16ad00018ae49c0','67cc6d7eb51c860737614002','done','server.codetechfoundation.tech','./fundamentalofclanguage_CH_01__Introduction_Data_Types__Operator_03__Data_Type__Operator_Part_01__Recorded.mp4',316832502,316832502,316832502,100,'-1003382065361','133','BAACAgUAAyEGAATJljjRAAOFaYzECKwWgNPjTPF4mSr6datMv0QAAp0eAALL7mhUUNjAATIvwJweBA',NULL,'2026-02-11 18:01:44','2026-02-11 18:01:12'),(5600,'6816e8e352761af1b7cc1990','6854f69f524051982ce5f00b','done','codespaces-2b33cd','./signalsandsystems_Ch_11__Extra_Topic_Digital_Filters_Laplace_Transform_Part_03_By_Sujal_Sir.mp4',144773367,144773367,144773367,100,'-1003382065361','135','BAACAgUAAyEGAATJljjRAAOHaYzEXlPCAV6HQt8Tq7bRscBfVOUAAp8eAALL7mhUJdsJKxpaPl8eBA',NULL,'2026-02-11 18:03:10','2026-02-11 18:02:51'),(5726,'65009b8da16ad00018ae49c0','67cc6d479edca31e7d5bb55e','done','server.codetechfoundation.tech','./fundamentalofclanguage_CH_01__Introduction_Data_Types__Operator_02__Structure_of_C_program___Recorded.mp4',378586937,378586937,378586937,100,'-1003382065361','136','BAACAgUAAyEGAATJljjRAAOIaYzEtctLYG7f_xT6R8zIMa0jhQwAAqEeAALL7mhUlN7U8RRBAykeBA',NULL,'2026-02-11 18:04:38','2026-02-11 18:03:29'),(5881,'6816e8e352761af1b7cc1990','6854f68a524051982ce5eef0','done','codespaces-2b33cd','./signalsandsystems_Ch_11__Extra_Topic_Digital_Filters_Laplace_Transform_02__Laplace_Transform_Part_02_By_Sujal_Sir.mp4',NULL,187559547,187559547,100,'-1003382065361','137','BAACAgUAAyEGAATJljjRAAOJaYzEv6WplPbIOodjoEZf1BP1vE4AAqIeAALL7mhU7xngkxttYhUeBA',NULL,'2026-02-11 18:04:47','2026-02-11 18:04:26'),(6046,'6816e8e352761af1b7cc1990','6854f6418c8f47f7296d5c9f','done','codespaces-2b33cd','./signalsandsystems_Ch_11__Extra_Topic_Digital_Filters_Laplace_Transform_Part_01.mp4',119550681,119550681,119550681,100,'-1003382065361','139','BAACAgUAAyEGAATJljjRAAOLaYzFAmiboppyO6SGFoPYM0BWxy4AAqQeAALL7mhU-YBoHXszDF4eBA',NULL,'2026-02-11 18:05:55','2026-02-11 18:05:32'),(6150,'6816e8e352761af1b7cc1990','6853b6dd034b0df83262109c','done','codespaces-2b33cd','./signalsandsystems_Ch_11__Extra_Topic_Digital_Filters_Sampling_and_Sampling_Theorem__One_Shot.mp4',NULL,213070502,213070502,100,'-1003382065361','140','BAACAgUAAyEGAATJljjRAAOMaYzFZakAAcY-V2WpEn4AAS7YDT_5UQACpR4AAsvuaFTJ0UKKmLsCyB4E',NULL,'2026-02-11 18:07:33','2026-02-11 18:07:10'),(6195,'65009b8da16ad00018ae49c0','67cc6d12bc55d3dc9d0f951a','done','server.codetechfoundation.tech','./fundamentalofclanguage_CH_01__Introduction_Data_Types__Operator_01__Number_System_in_C_Language__Recorded.mp4',552328951,552328951,552328951,100,'-1003382065361','141','BAACAgUAAyEGAATJljjRAAONaYzFqYQ_fF8gZBoheobpNj5TgeIAAqYeAALL7mhUY3ttpKdXeLgeBA',NULL,'2026-02-11 18:08:42','2026-02-11 18:07:21'),(6418,'6816e8e352761af1b7cc1990','685253ef3a03029807d714c3','done','codespaces-2b33cd','./signalsandsystems_Ch_11__Extra_Topic_Digital_Filters_Ss_Ch4_L5_Ss_Vijay_Batch_19Th_June.mp4',182983378,182983378,182983378,100,'-1003382065361','142','BAACAgUAAyEGAATJljjRAAOOaYzFwOm0EpgbUrFd3X4sXSja9JYAAqceAALL7mhUWkNrzB-bffUeBA',NULL,'2026-02-11 18:09:05','2026-02-11 18:08:42'),(6521,'65009b8da16ad00018ae49c0','67cc6ccb035d24180de10bcc','done','server.codetechfoundation.tech','./fundamentalofclanguage_CH_01__Introduction_Introduction_02__Language_Processor__II__Recorded.mp4',199404612,199404612,199404612,100,'-1003382065361','143','BAACAgUAAyEGAATJljjRAAOPaYzGDMG9jlgH1L4qzijflkjAC2kAAqgeAALL7mhU-JhiXdp3L4QeBA',NULL,'2026-02-11 18:10:20','2026-02-11 18:09:42'),(6626,'6816e8e352761af1b7cc1990','684bc21b591cc708fbcf2c19','done','codespaces-2b33cd','./signalsandsystems_Ch_11__Extra_Topic_Digital_Filters_Continous_Time_Fourier_Transform_04__Continous_Time_Fourier_Transform_Part_04.mp4',223582230,223582230,223582230,100,'-1003382065361','144','BAACAgUAAyEGAATJljjRAAOQaYzGalwuAdmCvGwaPnmckB47iakAAqkeAALL7mhUCsDYA5xo4GweBA',NULL,'2026-02-11 18:11:54','2026-02-11 18:11:29'),(6729,'65009b8da16ad00018ae49c0','67cc6c919edca31e7d5bb20d','done','server.codetechfoundation.tech','./fundamentalofclanguage_CH_01__Introduction_Introduction_01__Language_Processor__I__Recorded.mp4',334204992,334204992,334204992,100,'-1003382065361','145','BAACAgUAAyEGAATJljjRAAORaYzGrtsjYFuIW4lLLa0os6Uor1IAAqoeAALL7mhUoK_U6BG-d1weBA',NULL,'2026-02-11 18:13:02','2026-02-11 18:11:55'),(6730,'628b50055b231b0018a8712c','646ff23a4cbd6c0018a98d38','uploading','3ff62f4c-7f5b-4afa-a1fc-78cfe7be7991','./physics_Ch23__Communication_System_Modern_Physics_01__Revision.mp4',NULL,312999936,460961293,67,NULL,NULL,NULL,NULL,'2026-02-12 08:48:54','2026-02-11 18:11:57'),(6922,'6816e8e352761af1b7cc1990','684bc1fdff9abc9114c5db89','done','codespaces-2b33cd','./signalsandsystems_Ch_11__Extra_Topic_Digital_Filters_Continous_Time_Fourier_Transform_03__Continous_Time_Fourier_Transform_Part_03_by_Sujal_Sir.mp4',167497620,167497620,167497620,100,'-1003382065361','146','BAACAgUAAyEGAATJljjRAAOSaYzG2HKknDtT9ErD07_fVT_z99cAAqseAALL7mhUKEZz9ApSQ04eBA',NULL,'2026-02-11 18:13:45','2026-02-11 18:13:11'),(7118,'6816e8e352761af1b7cc1990','684bc1e292c5a3e451692320','failed',NULL,'./signalsandsystems_Ch_11__Extra_Topic_Digital_Filters_Continous_Time_Fourier_Transform_02__Continous_Time_Fourier_Transform_Part_02.mp4',NULL,NULL,NULL,NULL,NULL,NULL,NULL,'Upload failed: Telegram says: [406 AUTH_KEY_DUPLICATED] - The same authorization key (session file) was used in more than one place simultaneously. You must delete your session file and log in again with your phone number or bot token (caused by \"InvokeWithLayer\")','2026-02-11 18:15:54','2026-02-11 18:15:50'),(7171,'6816e8e352761af1b7cc1990','684bc1286852a390b2605f3f','failed',NULL,'./signalsandsystems_Ch_11__Extra_Topic_Digital_Filters_Continous_Time_Fourier_Transform_Part_01By_Sujal_Sir__Rescheduled_0800Am.mp4',NULL,NULL,NULL,NULL,NULL,NULL,NULL,'Only one live display may be active at once','2026-02-11 18:17:17','2026-02-11 18:17:17'),(7224,'6816e8e352761af1b7cc1990','68467cc651becb2bceef2edc','failed',NULL,'./signalsandsystems_Ch_11__Extra_Topic_Digital_Filters_Continous_Time_Fourier_Series_04__Continous_Time_Fourier_Series_Part_04_By_Sujal_Sir.mp4',NULL,NULL,NULL,NULL,NULL,NULL,NULL,'Only one live display may be active at once','2026-02-11 18:18:43','2026-02-11 18:18:43'),(7281,'6816e8e352761af1b7cc1990','68467cab16601017916dbacd','failed',NULL,'./signalsandsystems_Ch_11__Extra_Topic_Digital_Filters_Continous_Time_Fourier_Series_03__Continous_Time_Fourier_Series_Part_03_By_Sujal_Sir.mp4',NULL,NULL,NULL,NULL,NULL,NULL,NULL,'Only one live display may be active at once','2026-02-11 18:20:24','2026-02-11 18:20:24'),(7339,'6816e8e352761af1b7cc1990','68467c8562ce6b401041235c','failed',NULL,'./signalsandsystems_Ch_11__Extra_Topic_Digital_Filters_Continous_Time_Fourier_Series_02__Continous_Time_Fourier_Series_Part_02_By_Sujal_Sir.mp4',NULL,NULL,NULL,NULL,NULL,NULL,NULL,'Only one live display may be active at once','2026-02-11 18:22:06','2026-02-11 18:22:06'),(7880,'65009b8da16ad00018ae49c0','67caddc0d0f57a7e4ed0d37d','done','server.codetechfoundation.tech',NULL,NULL,315579190,315579190,100,'-1003382065361','147','BAACAgUAAyEGAATJljjRAAOTaYzQgqiNG5x2ca7slIrt2d-riJ8AAsUeAALL7mhUoOW89FmLSyAeBA',NULL,'2026-02-11 18:54:59','2026-02-11 18:37:58'),(7909,'65009b8da16ad00018ae49c0','67cadd76958e01233c4bcce6','done','server.codetechfoundation.tech',NULL,NULL,432175156,432175156,100,'-1003382065361','149','BAACAgUAAyEGAATJljjRAAOVaYzQ-CyJCwJmjcmVjZXCIAVQFAkAAsceAALL7mhUM7eshIxFyBseBA',NULL,'2026-02-11 18:56:57','2026-02-11 18:40:10'),(7929,'6816e8e352761af1b7cc1990','685f810e580934e9e8d76ca1','failed',NULL,'./controlsystems_Ch_09__Controller_and_Compensator_Controller_and_Compensator_03__Controller_and_Compensator_Part_03.mp4',NULL,NULL,NULL,NULL,NULL,NULL,NULL,'Upload failed: Telegram says: [406 AUTH_KEY_DUPLICATED] - The same authorization key (session file) was used in more than one place simultaneously. You must delete your session file and log in again with your phone number or bot token (caused by \"InvokeWithLayer\")','2026-02-11 18:41:42','2026-02-11 18:41:37'),(7934,'65009b8da16ad00018ae49c0','67cadd371952157272af7202','done','server.codetechfoundation.tech',NULL,NULL,359364557,359364557,100,'-1003382065361','150','BAACAgUAAyEGAATJljjRAAOWaYzRns0O1aKvDvCftnt_yzrlZAEAAsgeAALL7mhUB-Q0ieDqGUceBA',NULL,'2026-02-11 18:59:43','2026-02-11 18:41:56'),(7964,'65009b8da16ad00018ae49c0','67cadcf196588e9b0331099b','done','server.codetechfoundation.tech',NULL,NULL,475865918,475865918,100,'-1003382065361','151','BAACAgUAAyEGAATJljjRAAOXaYzSeLv2C7JzoP-C6nJnxPPGrE8AAskeAALL7mhUOqs74NUpipMeBA',NULL,'2026-02-11 19:03:20','2026-02-11 18:44:19'),(7986,'65009b8da16ad00018ae49c0','67cadcb35e3d6cd49018877d','done','server.codetechfoundation.tech',NULL,NULL,666377900,666377900,100,'-1003382065361','153','BAACAgUAAyEGAATJljjRAAOZaYzS6hxDEar0RmdS9GTPWJoEnG4AAsseAALL7mhUnIoqhwxoPAABHgQ',NULL,'2026-02-11 19:05:14','2026-02-11 18:47:29'),(7988,'628b50055b231b0018a8712c','646d5023e3143700181b7760','done','codespaces-2b33cd',NULL,NULL,974055993,974055993,100,'-1003382065361','152','BAACAgUAAyEGAATJljjRAAOYaYzSlCRRntRrGs0veCvQaejvIIkAAsoeAALL7mhUylHjeeueDekeBA',NULL,'2026-02-11 19:03:48','2026-02-11 18:51:03'),(7990,'628b50055b231b0018a8712c','646e2c0a61bac00018496a62','done','codespaces-2b33cd',NULL,NULL,407774316,407774316,100,'-1003382065361','148','BAACAgUAAyEGAATJljjRAAOUaYzQyDa7rMnyZq-Kj9s6SH-aFngAAsYeAALL7mhUrAXrM_aj31EeBA',NULL,'2026-02-11 18:56:09','2026-02-11 18:51:50'),(10058,'65009b8da16ad00018ae49c0','67cadc62533310ff0655fb6a','done','server.codetechfoundation.tech',NULL,NULL,228455252,228455252,100,'-1003382065361','154','BAACAgUAAyEGAATJljjRAAOaaYzTaF0CCcm71BH8gTg1mMT4RJ0AAsweAALL7mhU2xcLqHfvtp8eBA',NULL,'2026-02-11 19:07:20','2026-02-11 19:06:22'),(10189,'65009b8da16ad00018ae49c0','672c89baba5e346b15a55342','done','server.codetechfoundation.tech',NULL,NULL,577380804,577380804,100,'-1003382065361','155','BAACAgUAAyEGAATJljjRAAObaY1qx9ufyt1HvbrRjVMBh42QgmMAAvsaAALL7nBU4wi3fJaIdZoeBA',NULL,'2026-02-12 05:53:12','2026-02-12 05:52:18'),(10302,'65009b8da16ad00018ae49c0','672a7361f28c4d1d48f81665','done','server.codetechfoundation.tech',NULL,NULL,536701030,536701030,100,'-1003382065361','156','BAACAgUAAyEGAATJljjRAAOcaY1sAfHgs7Tve9pPcRgnxVZkAQ8AAxsAAsvucFTe94eZbU0iWx4E',NULL,'2026-02-12 05:58:26','2026-02-12 05:57:18'),(10444,'65009b8da16ad00018ae49c0','671f64b0ea0e7d304db3bd27','done','server.codetechfoundation.tech',NULL,NULL,561824161,561824161,100,'-1003382065361','157','BAACAgUAAyEGAATJljjRAAOdaY1tUG4GFLpFnOYTNb_YKmFoAYgAAgEbAALL7nBUezTsPwvyxAseBA',NULL,'2026-02-12 06:04:00','2026-02-12 06:03:00'),(10581,'65009b8da16ad00018ae49c0','671f648e2a05d3ede38fc8fe','done','server.codetechfoundation.tech',NULL,NULL,666074014,666074014,100,'-1003382065361','158','BAACAgUAAyEGAATJljjRAAOeaY1u6S6xUEAyAY7FrWRzJlDHR9AAAgobAALL7nBULru56JW3iCweBA',NULL,'2026-02-12 06:10:50','2026-02-12 06:08:40'),(10844,'65009b8da16ad00018ae49c0','671bab04764d3878590a1e89','done','server.codetechfoundation.tech',NULL,NULL,568062187,568062187,100,'-1003382065361','159','BAACAgUAAyEGAATJljjRAAOfaY1wIJ0CrrfVL1896a0_sNMr2fYAAg8bAALL7nBU0oSb55yU60oeBA',NULL,'2026-02-12 06:16:00','2026-02-12 06:15:03'),(10845,'65009b8da16ad00018ae49c0','6803a4986a80831ef1f6cdb7','done','server.codetechfoundation.tech',NULL,NULL,245068537,245068537,100,'-1003382065361','160','BAACAgUAAyEGAATJljjRAAOgaY2GQslat9PmNkCGAAGWkR8sFGyhAAKGGwACy-5wVNJRzTmjKZL3HgQ',NULL,'2026-02-12 07:50:26','2026-02-12 07:49:28'),(10965,'65009b8da16ad00018ae49c0','67f18a9b222eba5b7940b960','done','server.codetechfoundation.tech',NULL,NULL,216185018,216185018,100,'-1003382065361','161','BAACAgUAAyEGAATJljjRAAOhaY2HNTfoLyhE51l-lYJD4i3iYLQAAocbAALL7nBUisK0QhLYRLAeBA',NULL,'2026-02-12 07:54:30','2026-02-12 07:54:04'),(11069,'65009b8da16ad00018ae49c0','67ea1f918c97e12b444dde1e','done','server.codetechfoundation.tech',NULL,NULL,220635824,220635824,100,'-1003382065361','162','BAACAgUAAyEGAATJljjRAAOiaY2IH2xrhH5kzi3ZhQQactpaqdMAAokbAALL7nBUXrzi03V1HEYeBA',NULL,'2026-02-12 07:58:24','2026-02-12 07:58:02'),(11173,'65009b8da16ad00018ae49c0','67ea1f7235758c4dce72623c','done','server.codetechfoundation.tech',NULL,NULL,244425694,244425694,100,'-1003382065361','163','BAACAgUAAyEGAATJljjRAAOjaY2JH3-NX4_Gj8DUsHL1ZU4Py0gAAosbAALL7nBUT7IDYi1f0bceBA',NULL,'2026-02-12 08:02:40','2026-02-12 08:01:42'),(11287,'65009b8da16ad00018ae49c0','67ea1f5235758c4dce7261b0','done','server.codetechfoundation.tech',NULL,NULL,219588270,219588270,100,'-1003382065361','164','BAACAgUAAyEGAATJljjRAAOkaY2J91WGAYAn68sbn6KUVzxw2VQAAowbAALL7nBUjeslmV6OjZgeBA',NULL,'2026-02-12 08:06:15','2026-02-12 08:05:51'),(11391,'65009b8da16ad00018ae49c0','67ea1f36392b6fae79022303','done','server.codetechfoundation.tech',NULL,NULL,221418222,221418222,100,'-1003382065361','165','BAACAgUAAyEGAATJljjRAAOlaY2K4x75_IsIfzTlMbZsvUSTkJMAAo4bAALL7nBUgMR-AsC8B-keBA',NULL,'2026-02-12 08:10:12','2026-02-12 08:09:27'),(11498,'65009b8da16ad00018ae49c0','67ea1e83ca6bd698f75552d3','done','server.codetechfoundation.tech',NULL,NULL,281995711,281995711,100,'-1003382065361','166','BAACAgUAAyEGAATJljjRAAOmaY2LxJi5-anXcg12IzjmVRmIa7kAApIbAALL7nBUCGjhfv98PpceBA',NULL,'2026-02-12 08:13:56','2026-02-12 08:13:28'),(11602,'65009b8da16ad00018ae49c0','67e591f2ffbcd1f1bec1677d','done','server.codetechfoundation.tech',NULL,NULL,214462848,214462848,100,'-1003382065361','167','BAACAgUAAyEGAATJljjRAAOnaY2MmcusoPS52JrsmKGSVau8jzUAAqAbAALL7nBUcrpt-Zpr8SQeBA',NULL,'2026-02-12 08:17:30','2026-02-12 08:17:07'),(11706,'65009b8da16ad00018ae49c0','67e591e39419a6e8b3ad353c','done','server.codetechfoundation.tech',NULL,NULL,242684258,242684258,100,'-1003382065361','168','BAACAgUAAyEGAATJljjRAAOoaY2Nn8y1xsOZUDNaorBCBpmvxXUAAqEbAALL7nBU5Wt5ewPnTpweBA',NULL,'2026-02-12 08:21:51','2026-02-12 08:20:53'),(11841,'65009b8da16ad00018ae49c0','658110074d2c1e001835f4b0','done','server.codetechfoundation.tech',NULL,NULL,665833853,665833853,100,'-1003382065361','169','BAACAgUAAyEGAATJljjRAAOpaY2QV4xPuRpmH17lr3i1timbQj8AArcbAALL7nBUbUiW-DPuKjMeBA',NULL,'2026-02-12 08:33:28','2026-02-12 08:32:13'),(12173,'65009b8da16ad00018ae49c0','657ff435c03fad001808a353','done','server.codetechfoundation.tech',NULL,NULL,596119881,596119881,100,'-1003382065361','170','BAACAgUAAyEGAATJljjRAAOqaY2RbDHJufg7Gd7QC8Bhkj7cxhsAArsbAALL7nBUkAR3sXo1LKgeBA',NULL,'2026-02-12 08:38:05','2026-02-12 08:36:27'),(12534,'65009b8da16ad00018ae49c0','657c2a9bad992000187b5649','done','server.codetechfoundation.tech',NULL,NULL,531401167,531401167,100,'-1003382065361','171','BAACAgUAAyEGAATJljjRAAOraY2ScwufT4PBIFpqlzvvR4vwDnYAAsMbAALL7nBUhRoJT6jZVhoeBA',NULL,'2026-02-12 08:42:28','2026-02-12 08:40:50'),(12893,'65009b8da16ad00018ae49c0','657ab1bed807ab0018b72414','done','server.codetechfoundation.tech',NULL,NULL,649087784,649087784,100,'-1003382065361','172','BAACAgUAAyEGAATJljjRAAOsaY2ToFnE18OqhT2DI_GcdUWurRoAAsYbAALL7nBUQGe4anX_S0oeBA',NULL,'2026-02-12 08:47:29','2026-02-12 08:45:31');
/*!40000 ALTER TABLE `lecture_uploads` ENABLE KEYS */;
UNLOCK TABLES;

--
-- Table structure for table `lectures`
--

DROP TABLE IF EXISTS `lectures`;
/*!40101 SET @saved_cs_client     = @@character_set_client */;
/*!50503 SET character_set_client = utf8mb4 */;
CREATE TABLE `lectures` (
  `id` bigint NOT NULL AUTO_INCREMENT,
  `batch_id` varchar(128) NOT NULL,
  `lecture_id` varchar(128) NOT NULL,
  `course_id` bigint DEFAULT NULL,
  `subject_id` bigint DEFAULT NULL,
  `chapter_id` bigint DEFAULT NULL,
  `subject_slug` varchar(128) DEFAULT NULL,
  `subject_name` varchar(255) DEFAULT NULL,
  `chapter_name` varchar(255) DEFAULT NULL,
  `lecture_name` varchar(255) DEFAULT NULL,
  `start_time` varchar(64) DEFAULT NULL,
  `chapter_total` int DEFAULT NULL,
  `display_order` int DEFAULT NULL,
  `updated_at` timestamp NOT NULL DEFAULT CURRENT_TIMESTAMP ON UPDATE CURRENT_TIMESTAMP,
  `created_at` timestamp NOT NULL DEFAULT CURRENT_TIMESTAMP,
  PRIMARY KEY (`id`),
  UNIQUE KEY `uniq_lecture_batch` (`batch_id`,`lecture_id`),
  KEY `idx_lecture_course` (`course_id`),
  KEY `idx_lecture_subject` (`subject_id`),
  KEY `idx_lecture_chapter` (`chapter_id`),
  CONSTRAINT `fk_lecture_chapter` FOREIGN KEY (`chapter_id`) REFERENCES `chapters` (`id`),
  CONSTRAINT `fk_lecture_course` FOREIGN KEY (`course_id`) REFERENCES `courses` (`id`),
  CONSTRAINT `fk_lecture_subject` FOREIGN KEY (`subject_id`) REFERENCES `subjects` (`id`)
) ENGINE=InnoDB AUTO_INCREMENT=179 DEFAULT CHARSET=utf8mb4 COLLATE=utf8mb4_0900_ai_ci;
/*!40101 SET character_set_client = @saved_cs_client */;

--
-- Dumping data for table `lectures`
--

LOCK TABLES `lectures` WRITE;
/*!40000 ALTER TABLE `lectures` DISABLE KEYS */;
INSERT INTO `lectures` VALUES (1,'6816e8e352761af1b7cc1990','686e070566b99c2b6213415a',1,1,1,'signals-and-systems-051698','signals-and-systems','Ch 01 :  Introduction to Signals & Systems','Digital Filters By Sujal Sir','2025-07-10 03:30:00+00:00',44,1,'2026-02-11 16:48:35','2026-02-11 16:48:35'),(2,'6816e8e352761af1b7cc1990','68e9dbd7ce8c800c7a1188ae',1,2,2,'network-theory-354456','network-theory','Ch 01 : Basics of Network Theory','Lec 06 : Miscellaneous (Part 06) || Extra Class (14/7/25)','2025-10-11 06:00:00+00:00',48,1,'2026-02-11 16:59:01','2026-02-11 16:59:01'),(3,'65009b8da16ad00018ae49c0','67cdce2eae6a9577102bfca7',3,3,3,'basics-of-computer-system-597983','basics-of-computer-system','CH 01 : Basics Of Computer System','Basics Of Computer System 10 : Basics of Data Structures || Recorded','2025-02-09 11:30:00+00:00',10,1,'2026-02-11 17:07:46','2026-02-11 17:07:46'),(4,'65009b8da16ad00018ae49c0','67cdcdfe255aed3de04ba671',3,3,3,'basics-of-computer-system-597983','basics-of-computer-system','CH 01 : Basics Of Computer System','Basics Of Computer System 09 : Basics of Operating System || Recorded ||','2025-02-09 10:30:00+00:00',10,2,'2026-02-11 17:09:05','2026-02-11 17:09:05'),(5,'65009b8da16ad00018ae49c0','67cdcdd03044f0dd3ca56a50',3,3,3,'basics-of-computer-system-597983','basics-of-computer-system','CH 01 : Basics Of Computer System','Basics Of Computer System 08 : Memory System || Recorded || @ Reschedule @10:30PM','2025-02-09 09:30:00+00:00',10,3,'2026-02-11 17:10:19','2026-02-11 17:10:19'),(6,'65009b8da16ad00018ae49c0','67cdcc9cdd2999dd730d0e9b',3,3,3,'basics-of-computer-system-597983','basics-of-computer-system','CH 01 : Basics Of Computer System','Basics Of Computer System 07 : Various Terminologies || Recorded','2025-02-09 08:30:00+00:00',10,4,'2026-02-11 17:11:22','2026-02-11 17:11:22'),(7,'65009b8da16ad00018ae49c0','67cdcc6667766d848a9378b7',3,3,3,'basics-of-computer-system-597983','basics-of-computer-system','CH 01 : Basics Of Computer System','Basics Of Computer  System 06 : Units & Conversions || Recorded','2025-02-09 07:30:00+00:00',10,5,'2026-02-11 17:12:27','2026-02-11 17:12:27'),(8,'65009b8da16ad00018ae49c0','67cdcc323044f0dd3ca560b9',3,3,3,'basics-of-computer-system-597983','basics-of-computer-system','CH 01 : Basics Of Computer System','Basics Of Computer System 05 : Binary and Power of 2s || Recorded ||','2025-02-09 05:30:00+00:00',10,6,'2026-02-11 17:14:24','2026-02-11 17:14:24'),(9,'65009b8da16ad00018ae49c0','67cdcbf2d0c5090fea980294',3,3,3,'basics-of-computer-system-597983','basics-of-computer-system','CH 01 : Basics Of Computer System','Basics Of Computer System 04 : Number System || Recorded','2025-02-09 04:30:00+00:00',10,7,'2026-02-11 17:16:08','2026-02-11 17:16:08'),(10,'65009b8da16ad00018ae49c0','67cdcbc3bb10b3e02dcb964d',3,3,3,'basics-of-computer-system-597983','basics-of-computer-system','CH 01 : Basics Of Computer System','Basics Of Computer System 03 : Data in Computer System  || Recorded','2025-02-09 03:30:00+00:00',10,8,'2026-02-11 17:17:49','2026-02-11 17:17:49'),(11,'65009b8da16ad00018ae49c0','67cdcb8e947dddc9d1f6782d',3,3,3,'basics-of-computer-system-597983','basics-of-computer-system','CH 01 : Basics Of Computer System','Basics Of Computer System 02 : How a Computer Works || Recorded','2025-02-09 02:30:00+00:00',10,9,'2026-02-11 17:19:39','2026-02-11 17:19:39'),(12,'6816e8e352761af1b7cc1990','68e9db92509a1c7d986affcc',1,2,2,'network-theory-354456','network-theory','Ch 01 : Basics of Network Theory','Lec 05 : Miscellaneous (Part 05) || Extra Class (14/7/25)','2025-10-11 05:50:00+00:00',48,2,'2026-02-11 17:21:36','2026-02-11 17:21:36'),(13,'65009b8da16ad00018ae49c0','67cdcb20cdb32f240bce1c97',3,3,3,'basics-of-computer-system-597983','basics-of-computer-system','CH 01 : Basics Of Computer System','Basics Of Computer System 01 : Components of Computer || Recorded','2025-02-09 01:30:00+00:00',10,10,'2026-02-11 17:21:46','2026-02-11 17:21:46'),(14,'65009b8da16ad00018ae49c0','67cc7112533310ff065e678c',3,14,14,'fundamental-of-c-language-984262','fundamental-of-c-language','CH 01 : Introduction','String & Structure 02 : Structure & Union','2025-02-03 09:30:00+00:00',20,1,'2026-02-11 17:26:09','2026-02-11 17:26:09'),(15,'65009b8da16ad00018ae49c0','67cc70e4a0333fc355543b8a',3,14,14,'fundamental-of-c-language-984262','fundamental-of-c-language','CH 01 : Introduction','String & Structure 01 : String || Recorded','2025-02-03 08:30:00+00:00',20,2,'2026-02-11 17:28:14','2026-02-11 17:28:14'),(16,'65009b8da16ad00018ae49c0','67cc709107fbd9d1b2cc594f',3,14,14,'fundamental-of-c-language-984262','fundamental-of-c-language','CH 01 : Introduction','Array & Pointer 04 : Array 2-D || Recorded','2025-02-03 07:30:00+00:00',20,3,'2026-02-11 17:30:10','2026-02-11 17:30:10'),(17,'65009b8da16ad00018ae49c0','67cc705db2de5c043975fc5a',3,14,14,'fundamental-of-c-language-984262','fundamental-of-c-language','CH 01 : Introduction','Array & Pointer 03 : Array 1-D || Recorded','2025-02-03 05:30:00+00:00',20,4,'2026-02-11 17:32:18','2026-02-11 17:32:18'),(18,'65009b8da16ad00018ae49c0','67cc702f91f0457d2cbb47ef',3,14,14,'fundamental-of-c-language-984262','fundamental-of-c-language','CH 01 : Introduction','Array & Pointer 02 : Array || Recorded','2025-02-03 04:30:00+00:00',20,5,'2026-02-11 17:34:24','2026-02-11 17:34:24'),(19,'628b50055b231b0018a8712c','647689f3834e490018f0a96c',19,19,19,'physics-785455','physics','JEE Mains Revision','ERROR lecture _jee Advanced_31-05-2023','2023-05-31 12:30:00+00:00',50,1,'2026-02-11 17:34:57','2026-02-11 17:34:57'),(20,'65009b8da16ad00018ae49c0','67cc6ffc4176d7d83c9dce94',3,14,14,'fundamental-of-c-language-984262','fundamental-of-c-language','CH 01 : Introduction','Array & Pointer 01 : Pointer || Recorded','2025-02-03 03:30:00+00:00',20,6,'2026-02-11 17:36:27','2026-02-11 17:36:27'),(21,'6816e8e352761af1b7cc1990','686b66e245e6943ece004b8e',1,1,21,'signals-and-systems-051698','signals-and-systems','Ch 11 : Extra Topic (Digital Filters)','Discrete Time Fourier Series : One Shot By Sujal Sir','2025-07-09 03:30:00+00:00',44,2,'2026-02-11 17:36:52','2026-02-11 17:36:52'),(22,'6816e8e352761af1b7cc1990','686b66c23732b578b8c6e771',1,1,21,'signals-and-systems-051698','signals-and-systems','Ch 11 : Extra Topic (Digital Filters)','Discrete Fourier Transform : One Shot By Sujal Sir','2025-07-08 03:30:00+00:00',44,3,'2026-02-11 17:38:41','2026-02-11 17:38:41'),(23,'65009b8da16ad00018ae49c0','67cc6fb3fc2856a46a1dab29',3,14,14,'fundamental-of-c-language-984262','fundamental-of-c-language','CH 01 : Introduction','Function & Storage Class 04 : Storage Class || Recorded','2025-02-02 10:30:00+00:00',20,7,'2026-02-11 17:38:45','2026-02-11 17:38:45'),(24,'6816e8e352761af1b7cc1990','6864c521fa5084aacbd41421',1,1,21,'signals-and-systems-051698','signals-and-systems','Ch 11 : Extra Topic (Digital Filters)','Z-Transform 04 : Z-Transform (Part 04) By Sujal Sir','2025-07-07 03:30:00+00:00',44,4,'2026-02-11 17:40:04','2026-02-11 17:40:04'),(25,'65009b8da16ad00018ae49c0','67cc6f80a3be808c9f9e26a2',3,14,14,'fundamental-of-c-language-984262','fundamental-of-c-language','CH 01 : Introduction','Function & Storage Class 03 : Local and Global Variable || Recorded','2025-02-02 09:30:00+00:00',20,8,'2026-02-11 17:41:03','2026-02-11 17:41:03'),(26,'6816e8e352761af1b7cc1990','6864c4e493134e7e4340a898',1,1,21,'signals-and-systems-051698','signals-and-systems','Ch 11 : Extra Topic (Digital Filters)','Z-Transform 03 : Z-Transform (Part 03) By Sujal Sir','2025-07-05 03:30:00+00:00',44,5,'2026-02-11 17:41:31','2026-02-11 17:41:31'),(27,'6816e8e352761af1b7cc1990','6864c4ce5f85f78caeff679c',1,1,21,'signals-and-systems-051698','signals-and-systems','Ch 11 : Extra Topic (Digital Filters)','Z-Transform 02 : Z-Transform (Part 02) By Sujal Sir','2025-07-04 03:30:00+00:00',44,6,'2026-02-11 17:42:32','2026-02-11 17:42:32'),(28,'65009b8da16ad00018ae49c0','67cc6f46bc55d3dc9d0faa44',3,14,14,'fundamental-of-c-language-984262','fundamental-of-c-language','CH 01 : Introduction','Function & Storage Class 02 : Function (Part 02) || Recorded','2025-02-02 08:30:00+00:00',20,9,'2026-02-11 17:43:35','2026-02-11 17:43:35'),(29,'6816e8e352761af1b7cc1990','6864c4ae79ba4cc5431de081',1,1,21,'signals-and-systems-051698','signals-and-systems','Ch 11 : Extra Topic (Digital Filters)','Z-Transform 01 : Z-Transform (Part 01) By Sujal Sir','2025-07-03 03:30:00+00:00',44,7,'2026-02-11 17:44:43','2026-02-11 17:44:43'),(30,'65009b8da16ad00018ae49c0','67cc6f147eaacf83b8922d01',3,14,14,'fundamental-of-c-language-984262','fundamental-of-c-language','CH 01 : Introduction','Function & Storage Class 01 : Function (Part 01) || Recorded','2025-02-02 07:30:00+00:00',20,10,'2026-02-11 17:46:17','2026-02-11 17:46:17'),(31,'6816e8e352761af1b7cc1990','685e41f3ae760eb35bad011e',1,1,21,'signals-and-systems-051698','signals-and-systems','Ch 11 : Extra Topic (Digital Filters)','Discrete Time Fourier Transform 04 : Discrete Time Fourier Transform (Part 04) By Sujal Sir','2025-07-02 03:30:00+00:00',44,8,'2026-02-11 17:47:51','2026-02-11 17:47:51'),(32,'65009b8da16ad00018ae49c0','67cc6eba9edca31e7d5bbb2c',3,14,14,'fundamental-of-c-language-984262','fundamental-of-c-language','CH 01 : Introduction','Control Flow Statement 03 : Control Flow Statement (Part 03) || Recorded','2025-02-02 05:30:00+00:00',20,11,'2026-02-11 17:48:35','2026-02-11 17:48:35'),(33,'65009b8da16ad00018ae49c0','67cc6e84958e01233c5475f0',3,14,14,'fundamental-of-c-language-984262','fundamental-of-c-language','CH 01 : Introduction','Control Flow Statement 02 : Control Flow Statement (Part 02) || Recorded','2025-02-02 04:30:00+00:00',20,12,'2026-02-11 17:50:26','2026-02-11 17:50:26'),(34,'6816e8e352761af1b7cc1990','685e41e1d9d0c2947e8636dc',1,1,21,'signals-and-systems-051698','signals-and-systems','Ch 11 : Extra Topic (Digital Filters)','Discrete Time Fourier Transform 03 : Discrete Time Fourier Transform (Part 03) By Sujal Sir','2025-07-01 03:30:00+00:00',44,9,'2026-02-11 17:51:26','2026-02-11 17:51:26'),(35,'6816e8e352761af1b7cc1990','685e419d7c213c7a494e0178',1,1,21,'signals-and-systems-051698','signals-and-systems','Ch 11 : Extra Topic (Digital Filters)','Discrete Time Fourier Transform 02 : Discrete Time Fourier Transform (Part 02) By Sujal Sir','2025-06-30 03:30:00+00:00',44,10,'2026-02-11 17:52:32','2026-02-11 17:52:32'),(36,'65009b8da16ad00018ae49c0','67cc6e4fd0f57a7e4ed919fa',3,14,14,'fundamental-of-c-language-984262','fundamental-of-c-language','CH 01 : Introduction','Control Flow Statement 01 : Control Flow Statement (Part 01) || Recorded','2025-02-02 03:30:00+00:00',20,13,'2026-02-11 17:52:46','2026-02-11 17:52:46'),(37,'6816e8e352761af1b7cc1990','685e4185ab23c99924b2abfe',1,1,21,'signals-and-systems-051698','signals-and-systems','Ch 11 : Extra Topic (Digital Filters)','Discrete Time Fourier Transform 01 : Discrete Time Fourier Transform (Part 01) By Sujal Sir','2025-06-28 03:30:00+00:00',44,11,'2026-02-11 17:53:59','2026-02-11 17:53:59'),(38,'65009b8da16ad00018ae49c0','67cc6dff1cc3719248248bf4',3,14,14,'fundamental-of-c-language-984262','fundamental-of-c-language','CH 01 : Introduction','Data Types & Operator 05 : Data Type & Operator (Part 03) || Recorded','2025-02-01 10:30:00+00:00',20,14,'2026-02-11 17:54:50','2026-02-11 17:54:50'),(39,'6816e8e352761af1b7cc1990','685ceaca5d494200924cea7c',1,1,21,'signals-and-systems-051698','signals-and-systems','Ch 11 : Extra Topic (Digital Filters)','Laplace Transform 06 : Laplace Transform (Part 06) By Sujal Sir','2025-06-27 03:30:00+00:00',44,12,'2026-02-11 17:55:22','2026-02-11 17:55:22'),(40,'65009b8da16ad00018ae49c0','67cc6dc76612d41fb21e7520',3,14,14,'fundamental-of-c-language-984262','fundamental-of-c-language','CH 01 : Introduction','Data Types & Operator 04 : Data Type & Operator (Part 02) || Recorded','2025-02-01 09:30:00+00:00',20,15,'2026-02-11 17:56:56','2026-02-11 17:56:56'),(41,'6816e8e352761af1b7cc1990','685c17172da8177cf262a9ec',1,1,21,'signals-and-systems-051698','signals-and-systems','Ch 11 : Extra Topic (Digital Filters)','Laplace Transform 05 : Laplace Transform (Part 05) By Sujal Sir','2025-06-26 03:30:00+00:00',44,13,'2026-02-11 17:57:02','2026-02-11 17:57:02'),(42,'6816e8e352761af1b7cc1990','6854f6b5289a137d76907485',1,1,21,'signals-and-systems-051698','signals-and-systems','Ch 11 : Extra Topic (Digital Filters)','Laplace Transform 04 : Laplace Transform (Part 04) || (Rescheduled @07:00PM)','2025-06-25 13:30:00+00:00',44,14,'2026-02-11 17:58:39','2026-02-11 17:58:39'),(43,'65009b8da16ad00018ae49c0','67cc6d7eb51c860737614002',3,14,14,'fundamental-of-c-language-984262','fundamental-of-c-language','CH 01 : Introduction','Data Types & Operator 03 : Data Type & Operator (Part 01) || Recorded','2025-02-01 08:30:00+00:00',20,16,'2026-02-11 17:59:32','2026-02-11 17:59:32'),(44,'65009b8da16ad00018ae49c0','67cc6d479edca31e7d5bb55e',3,14,14,'fundamental-of-c-language-984262','fundamental-of-c-language','CH 01 : Introduction','Data Types & Operator 02 : Structure of C program  || Recorded','2025-02-01 07:30:00+00:00',20,17,'2026-02-11 18:01:45','2026-02-11 18:01:45'),(45,'6816e8e352761af1b7cc1990','6854f69f524051982ce5f00b',1,1,21,'signals-and-systems-051698','signals-and-systems','Ch 11 : Extra Topic (Digital Filters)','Laplace Transform (Part 03) By Sujal Sir','2025-06-24 03:30:00+00:00',44,15,'2026-02-11 18:01:55','2026-02-11 18:01:55'),(46,'6816e8e352761af1b7cc1990','6854f68a524051982ce5eef0',1,1,21,'signals-and-systems-051698','signals-and-systems','Ch 11 : Extra Topic (Digital Filters)','Laplace Transform 02 : Laplace Transform (Part 02) By Sujal Sir','2025-06-23 03:30:00+00:00',44,16,'2026-02-11 18:03:11','2026-02-11 18:03:11'),(47,'65009b8da16ad00018ae49c0','67cc6d12bc55d3dc9d0f951a',3,14,14,'fundamental-of-c-language-984262','fundamental-of-c-language','CH 01 : Introduction','Data Types & Operator 01 : Number System in C Language || Recorded','2025-02-01 05:30:00+00:00',20,18,'2026-02-11 18:04:39','2026-02-11 18:04:39'),(48,'6816e8e352761af1b7cc1990','6854f6418c8f47f7296d5c9f',1,1,21,'signals-and-systems-051698','signals-and-systems','Ch 11 : Extra Topic (Digital Filters)','Laplace Transform (Part 01)','2025-06-21 03:30:00+00:00',44,17,'2026-02-11 18:04:47','2026-02-11 18:04:47'),(49,'6816e8e352761af1b7cc1990','6853b6dd034b0df83262109c',1,1,21,'signals-and-systems-051698','signals-and-systems','Ch 11 : Extra Topic (Digital Filters)','Sampling and Sampling Theorem : One Shot','2025-06-20 03:30:00+00:00',44,18,'2026-02-11 18:05:55','2026-02-11 18:05:55'),(50,'628b50055b231b0018a8712c','646ff23a4cbd6c0018a98d38',19,19,95,'physics-785455','physics','Ch-23 : Communication System','Modern Physics 01 : Revision','2023-05-26 03:30:00+00:00',50,2,'2026-02-12 08:26:01','2026-02-11 18:06:07'),(51,'6816e8e352761af1b7cc1990','685253ef3a03029807d714c3',1,1,21,'signals-and-systems-051698','signals-and-systems','Ch 11 : Extra Topic (Digital Filters)','Ss Ch-4 L-5 Ss Vijay Batch 19Th June','2025-06-19 03:30:00+00:00',44,19,'2026-02-11 18:07:34','2026-02-11 18:07:34'),(52,'65009b8da16ad00018ae49c0','67cc6ccb035d24180de10bcc',3,14,14,'fundamental-of-c-language-984262','fundamental-of-c-language','CH 01 : Introduction','Introduction 02 : Language Processor - II || Recorded','2025-02-01 04:30:00+00:00',20,19,'2026-02-11 18:08:43','2026-02-11 18:08:43'),(53,'6816e8e352761af1b7cc1990','684bc21b591cc708fbcf2c19',1,1,21,'signals-and-systems-051698','signals-and-systems','Ch 11 : Extra Topic (Digital Filters)','Continous Time Fourier Transform 04 : Continous Time Fourier Transform (Part 04)','2025-06-18 03:30:00+00:00',44,20,'2026-02-11 18:09:05','2026-02-11 18:09:05'),(54,'65009b8da16ad00018ae49c0','67cc6c919edca31e7d5bb20d',3,14,14,'fundamental-of-c-language-984262','fundamental-of-c-language','CH 01 : Introduction','Introduction 01 : Language Processor - I || Recorded','2025-02-01 03:30:00+00:00',20,20,'2026-02-11 18:10:22','2026-02-11 18:10:22'),(55,'6816e8e352761af1b7cc1990','684bc1fdff9abc9114c5db89',1,1,21,'signals-and-systems-051698','signals-and-systems','Ch 11 : Extra Topic (Digital Filters)','Continous Time Fourier Transform 03 : Continous Time Fourier Transform (Part 03) by Sujal Sir','2025-06-17 03:30:00+00:00',44,21,'2026-02-11 18:11:55','2026-02-11 18:11:55'),(56,'6816e8e352761af1b7cc1990','684bc1e292c5a3e451692320',1,1,21,'signals-and-systems-051698','signals-and-systems','Ch 11 : Extra Topic (Digital Filters)','Continous Time Fourier Transform 02 : Continous Time Fourier Transform (Part 02)','2025-06-16 03:30:00+00:00',44,22,'2026-02-11 18:13:45','2026-02-11 18:13:45'),(57,'6816e8e352761af1b7cc1990','684bc1286852a390b2605f3f',1,1,21,'signals-and-systems-051698','signals-and-systems','Ch 11 : Extra Topic (Digital Filters)','Continous Time Fourier Transform (Part 01)By Sujal Sir || (Rescheduled 08:00Am)','2025-06-14 02:30:00+00:00',44,23,'2026-02-11 18:15:54','2026-02-11 18:15:54'),(58,'6816e8e352761af1b7cc1990','68467cc651becb2bceef2edc',1,1,21,'signals-and-systems-051698','signals-and-systems','Ch 11 : Extra Topic (Digital Filters)','Continous Time Fourier Series 04 : Continous Time Fourier Series (Part 04) By Sujal Sir','2025-06-13 03:30:00+00:00',44,24,'2026-02-11 18:17:18','2026-02-11 18:17:18'),(59,'6816e8e352761af1b7cc1990','68467cab16601017916dbacd',1,1,21,'signals-and-systems-051698','signals-and-systems','Ch 11 : Extra Topic (Digital Filters)','Continous Time Fourier Series 03 : Continous Time Fourier Series (Part 03) By Sujal Sir','2025-06-12 03:30:00+00:00',44,25,'2026-02-11 18:18:44','2026-02-11 18:18:44'),(60,'6816e8e352761af1b7cc1990','68467c8562ce6b401041235c',1,1,21,'signals-and-systems-051698','signals-and-systems','Ch 11 : Extra Topic (Digital Filters)','Continous Time Fourier Series 02 : Continous Time Fourier Series (Part 02) By Sujal Sir','2025-06-11 03:30:00+00:00',44,26,'2026-02-11 18:20:25','2026-02-11 18:20:25'),(61,'6816e8e352761af1b7cc1990','68467bfda0e6bfdddd3e8c29',1,1,21,'signals-and-systems-051698','signals-and-systems','Ch 11 : Extra Topic (Digital Filters)','SS Ch-3 L-1 SS Vijay Batch 10th June','2025-06-10 03:30:00+00:00',44,27,'2026-02-11 18:22:07','2026-02-11 18:22:07'),(62,'6816e8e352761af1b7cc1990','686612adbfff9e4c0cbdfaca',1,62,77,'control-systems-644571','control-systems','Ch 09 : Controller and Compensator','Controller and Compensator 04 : Controller and Compensator (Part 04) || Extra Class || Rescheduled @7:15PM','2025-07-08 01:30:00+00:00',32,1,'2026-02-11 18:40:18','2026-02-11 18:31:42'),(63,'65009b8da16ad00018ae49c0','67caddc0d0f57a7e4ed0d37d',3,63,63,'foundation-of-engineering-math-867168','foundation-of-engineering-math','CH 01 : Prerequisites of Engineering Mathematics','Prerequisites of Engineering Mathematics 25 : Recursive Relation || Recorded','2025-03-03 11:30:00+00:00',25,1,'2026-02-11 18:36:31','2026-02-11 18:36:31'),(66,'65009b8da16ad00018ae49c0','67cadd76958e01233c4bcce6',3,63,63,'foundation-of-engineering-math-867168','foundation-of-engineering-math','CH 01 : Prerequisites of Engineering Mathematics','Prerequisites of Engineering Mathematics 24 : Set Theory || Recorded','2025-03-03 10:30:00+00:00',25,2,'2026-02-11 18:38:02','2026-02-11 18:38:02'),(76,'65009b8da16ad00018ae49c0','67cadd371952157272af7202',3,63,63,'foundation-of-engineering-math-867168','foundation-of-engineering-math','CH 01 : Prerequisites of Engineering Mathematics','Prerequisites of Engineering Mathematics 23 : Average & Weighted Average || Recorded','2025-03-03 09:30:00+00:00',25,3,'2026-02-11 18:40:11','2026-02-11 18:40:11'),(78,'6816e8e352761af1b7cc1990','685f810e580934e9e8d76ca1',1,62,77,'control-systems-644571','control-systems','Ch 09 : Controller and Compensator','Controller and Compensator 03 : Controller and Compensator (Part 03)','2025-07-07 01:30:00+00:00',32,2,'2026-02-11 18:40:19','2026-02-11 18:40:19'),(85,'6816e8e352761af1b7cc1990','685f80f9aea4285b60ef2b73',1,62,77,'control-systems-644571','control-systems','Ch 09 : Controller and Compensator','Controller and Compensator 02 : Controller and Compensator (Part 02)','2025-07-05 01:30:00+00:00',32,3,'2026-02-11 18:41:42','2026-02-11 18:41:42'),(87,'65009b8da16ad00018ae49c0','67cadcf196588e9b0331099b',3,63,63,'foundation-of-engineering-math-867168','foundation-of-engineering-math','CH 01 : Prerequisites of Engineering Mathematics','Prerequisites of Engineering Mathematics 22 : Percentage || Recorded','2025-03-03 08:30:00+00:00',25,4,'2026-02-11 18:41:57','2026-02-11 18:41:57'),(97,'65009b8da16ad00018ae49c0','67cadcb35e3d6cd49018877d',3,63,63,'foundation-of-engineering-math-867168','foundation-of-engineering-math','CH 01 : Prerequisites of Engineering Mathematics','Prerequisites of Engineering Mathematics 21 : P&C / Probability || Recorded','2025-03-03 07:30:00+00:00',25,5,'2026-02-11 18:44:20','2026-02-11 18:44:20'),(104,'628b50055b231b0018a8712c','646e2c0a61bac00018496a62',19,19,96,'physics-785455','physics','Ch 24 : Electromagnetic Induction','Wave Optics 01 : Revision','2023-05-25 03:30:00+00:00',50,3,'2026-02-11 18:56:11','2026-02-11 18:46:12'),(105,'65009b8da16ad00018ae49c0','67cadc62533310ff0655fb6a',3,63,63,'foundation-of-engineering-math-867168','foundation-of-engineering-math','CH 01 : Prerequisites of Engineering Mathematics','Prerequisites of Engineering Mathematics 20 : Linear Interpolation || Recorded','2025-03-02 16:30:00+00:00',25,6,'2026-02-11 18:47:31','2026-02-11 18:47:31'),(109,'628b50055b231b0018a8712c','646d5023e3143700181b7760',19,19,67,'physics-785455','physics','Advanced Session','Ray optics by shivendu Sir','2023-05-24 03:30:00+00:00',50,4,'2026-02-11 18:56:52','2026-02-11 18:48:48'),(110,'628b50055b231b0018a8712c','646bffcdd65c200018050a31',19,19,103,'physics-785455','physics','Ch-30 : Wave Optics','EMI/AC/Ray Optics 01 : Revision','2023-05-23 03:30:00+00:00',50,5,'2026-02-11 18:51:07','2026-02-11 18:51:07'),(152,'6816e8e352761af1b7cc1990','694e7e792dd431517bd2f09e',1,152,152,'communication-system-614275','communication-system','CH 01 : Analog communication - AM & FM','Noise in Communication 06 : Noise in Communication (Part 06) || Extra Class -Video Only Sidharth Sir 21-08-2025','2025-12-14 04:35:00+00:00',50,1,'2026-02-11 19:07:04','2026-02-11 19:07:04'),(153,'65009b8da16ad00018ae49c0','663e644fca72e1001838e7fc',3,153,153,'computer-organization-and-architecture-025928','computer-organization-and-architecture','Interactive Session (Video Only)','Interactive Session By Vishvadeep Gothi Sir (Part 02)','2024-05-11 04:30:00+00:00',44,1,'2026-02-11 19:07:47','2026-02-11 19:07:47'),(154,'65009b8da16ad00018ae49c0','67cadc20a2d20ccc86c3aea6',3,63,63,'foundation-of-engineering-math-867168','foundation-of-engineering-math','CH 01 : Prerequisites of Engineering Mathematics','Prerequisites of Engineering Mathematics 19 : Application of Laplace Transformation || Recorded','2025-03-02 15:30:00+00:00',25,7,'2026-02-12 05:38:29','2026-02-12 05:38:29'),(155,'65009b8da16ad00018ae49c0','672c89baba5e346b15a55342',3,155,155,'algorithms-208750','algorithms','CH 01 : Analysis of Algorithms','Miscellaneous 04 : Miscellaneous (Part 04) || Extra Class','2024-11-08 04:30:00+00:00',48,1,'2026-02-12 05:47:58','2026-02-12 05:47:58'),(156,'65009b8da16ad00018ae49c0','672a7361f28c4d1d48f81665',3,155,155,'algorithms-208750','algorithms','CH 01 : Analysis of Algorithms','Miscellaneous 03 :  Miscellaneous (Part 03) || Extra Class','2024-11-07 04:30:00+00:00',48,2,'2026-02-12 05:53:14','2026-02-12 05:53:14'),(157,'65009b8da16ad00018ae49c0','671f64b0ea0e7d304db3bd27',3,155,155,'algorithms-208750','algorithms','CH 01 : Analysis of Algorithms','Miscellaneous 02 :  Miscellaneous (Part 02)','2024-10-30 04:30:00+00:00',48,3,'2026-02-12 05:58:28','2026-02-12 05:58:28'),(158,'65009b8da16ad00018ae49c0','671f648e2a05d3ede38fc8fe',3,155,155,'algorithms-208750','algorithms','CH 01 : Analysis of Algorithms','Miscellaneous 01: Miscellaneous (Part 01)','2024-10-29 04:30:00+00:00',48,4,'2026-02-12 06:04:02','2026-02-12 06:04:02'),(159,'65009b8da16ad00018ae49c0','671bab04764d3878590a1e89',3,155,155,'algorithms-208750','algorithms','CH 01 : Analysis of Algorithms','Heap Algorithms 03 : Heap Algorithms (Part 03)','2024-10-28 04:30:00+00:00',48,5,'2026-02-12 06:10:52','2026-02-12 06:10:52'),(160,'65009b8da16ad00018ae49c0','671baad61a7c9e26d93a1d37',3,155,155,'algorithms-208750','algorithms','CH 01 : Analysis of Algorithms','Heap Algorithms 02 : Heap Algorithms (Part 02)','2024-10-27 08:30:00+00:00',48,6,'2026-02-12 06:16:03','2026-02-12 06:16:03'),(161,'65009b8da16ad00018ae49c0','6803a4986a80831ef1f6cdb7',3,156,156,'c---with-oops-327948','c---with-oops','CH 01 : Intro to C++','C++ With OOPS : Weekly Test 02 Discussion','2025-04-20 07:30:00+00:00',32,1,'2026-02-12 07:46:13','2026-02-12 07:46:13'),(162,'65009b8da16ad00018ae49c0','67f18a9b222eba5b7940b960',3,156,156,'c---with-oops-327948','c---with-oops','CH 01 : Intro to C++','C++ With OOPS : Weekly Test 01 Discussion','2025-04-06 01:30:00+00:00',32,2,'2026-02-12 07:50:28','2026-02-12 07:50:28'),(163,'65009b8da16ad00018ae49c0','67ea1f918c97e12b444dde1e',3,156,156,'c---with-oops-327948','c---with-oops','CH 01 : Intro to C++','STL Level - 4 : DPP 01 Discussion','2025-04-05 01:30:00+00:00',32,3,'2026-02-12 07:54:32','2026-02-12 07:54:32'),(164,'65009b8da16ad00018ae49c0','67ea1f7235758c4dce72623c',3,156,156,'c---with-oops-327948','c---with-oops','CH 01 : Intro to C++','STL Level - 4 08 : Dynamic Programming','2025-04-04 01:30:00+00:00',32,4,'2026-02-12 07:58:26','2026-02-12 07:58:26'),(165,'65009b8da16ad00018ae49c0','67ea1f5235758c4dce7261b0',3,156,156,'c---with-oops-327948','c---with-oops','CH 01 : Intro to C++','STL Level - 4 07 : Greedy Algorithms','2025-04-03 01:30:00+00:00',32,5,'2026-02-12 08:02:42','2026-02-12 08:02:42'),(166,'65009b8da16ad00018ae49c0','67ea1f36392b6fae79022303',3,156,156,'c---with-oops-327948','c---with-oops','CH 01 : Intro to C++','STL Level - 4 06 : OOPs (Part 02)','2025-04-02 01:30:00+00:00',32,6,'2026-02-12 08:06:18','2026-02-12 08:06:18'),(167,'65009b8da16ad00018ae49c0','67ea1e83ca6bd698f75552d3',3,156,156,'c---with-oops-327948','c---with-oops','CH 01 : Intro to C++','STL Level - 4 05 : OOPs (Part 01)','2025-04-01 01:30:00+00:00',32,7,'2026-02-12 08:10:14','2026-02-12 08:10:14'),(168,'65009b8da16ad00018ae49c0','67e591f2ffbcd1f1bec1677d',3,156,156,'c---with-oops-327948','c---with-oops','CH 01 : Intro to C++','STL Level - 4 04 : Multimaps','2025-03-31 01:30:00+00:00',32,8,'2026-02-12 08:13:58','2026-02-12 08:13:58'),(169,'65009b8da16ad00018ae49c0','67e591e39419a6e8b3ad353c',3,156,156,'c---with-oops-327948','c---with-oops','CH 01 : Intro to C++','STL Level - 4 03 : Maps','2025-03-30 01:30:00+00:00',32,9,'2026-02-12 08:17:32','2026-02-12 08:17:32'),(170,'65009b8da16ad00018ae49c0','67e591d3ae43296ec8ab0db2',3,156,156,'c---with-oops-327948','c---with-oops','CH 01 : Intro to C++','STL Level - 4 02 : Sets (Part 02)','2025-03-29 01:30:00+00:00',32,10,'2026-02-12 08:21:54','2026-02-12 08:21:54'),(171,'65009b8da16ad00018ae49c0','65827512da4e1e0018db29b4',3,166,166,'general-aptitude-by-amulya-ratan-sir-624960','general-aptitude-by-amulya-ratan-sir','CH 03 : Spatial Aptitude','Analytical Aptitude 07 : Data Sufficiency || (NO DPP)','2023-12-21 01:30:00+00:00',26,1,'2026-02-12 08:25:18','2026-02-12 08:25:18'),(174,'65009b8da16ad00018ae49c0','658110074d2c1e001835f4b0',3,166,166,'general-aptitude-by-amulya-ratan-sir-624960','general-aptitude-by-amulya-ratan-sir','CH 03 : Spatial Aptitude','Quantitative Aptitude 17 : Interest and Sequences || (NO DPP)','2023-12-20 01:30:00+00:00',26,2,'2026-02-12 08:29:04','2026-02-12 08:29:04'),(175,'65009b8da16ad00018ae49c0','657ff435c03fad001808a353',3,166,166,'general-aptitude-by-amulya-ratan-sir-624960','general-aptitude-by-amulya-ratan-sir','CH 03 : Spatial Aptitude','Quantitative Aptitude 16 : Mensuration 2D and 3D || (NO DPP)','2023-12-19 01:30:00+00:00',26,3,'2026-02-12 08:33:29','2026-02-12 08:33:29'),(176,'65009b8da16ad00018ae49c0','657c2a9bad992000187b5649',3,166,166,'general-aptitude-by-amulya-ratan-sir-624960','general-aptitude-by-amulya-ratan-sir','CH 03 : Spatial Aptitude','Spatial Aptitude 02 : Paper Folding and Cutting','2023-12-18 01:30:00+00:00',26,4,'2026-02-12 08:38:05','2026-02-12 08:38:05'),(177,'65009b8da16ad00018ae49c0','657ab1bed807ab0018b72414',3,166,166,'general-aptitude-by-amulya-ratan-sir-624960','general-aptitude-by-amulya-ratan-sir','CH 03 : Spatial Aptitude','Spatial Aptitude 01 : Formation of Images','2023-12-15 01:30:00+00:00',26,5,'2026-02-12 08:42:29','2026-02-12 08:42:29'),(178,'65009b8da16ad00018ae49c0','657945e54db3bd00188265c9',3,166,166,'general-aptitude-by-amulya-ratan-sir-624960','general-aptitude-by-amulya-ratan-sir','CH 03 : Spatial Aptitude','Analytical Aptitude 06 : Venn Diagrams','2023-12-14 01:30:00+00:00',26,6,'2026-02-12 08:47:30','2026-02-12 08:47:30');
/*!40000 ALTER TABLE `lectures` ENABLE KEYS */;
UNLOCK TABLES;

--
-- Table structure for table `subjects`
--

DROP TABLE IF EXISTS `subjects`;
/*!40101 SET @saved_cs_client     = @@character_set_client */;
/*!50503 SET character_set_client = utf8mb4 */;
CREATE TABLE `subjects` (
  `id` bigint NOT NULL AUTO_INCREMENT,
  `course_id` bigint NOT NULL,
  `slug` varchar(128) NOT NULL,
  `name` varchar(255) NOT NULL,
  `updated_at` timestamp NOT NULL DEFAULT CURRENT_TIMESTAMP ON UPDATE CURRENT_TIMESTAMP,
  `created_at` timestamp NOT NULL DEFAULT CURRENT_TIMESTAMP,
  PRIMARY KEY (`id`),
  UNIQUE KEY `uniq_subject_course_slug` (`course_id`,`slug`),
  CONSTRAINT `fk_subject_course` FOREIGN KEY (`course_id`) REFERENCES `courses` (`id`)
) ENGINE=InnoDB AUTO_INCREMENT=174 DEFAULT CHARSET=utf8mb4 COLLATE=utf8mb4_0900_ai_ci;
/*!40101 SET character_set_client = @saved_cs_client */;

--
-- Dumping data for table `subjects`
--

LOCK TABLES `subjects` WRITE;
/*!40000 ALTER TABLE `subjects` DISABLE KEYS */;
INSERT INTO `subjects` VALUES (1,1,'signals-and-systems-051698','signals-and-systems','2026-02-11 16:48:34','2026-02-11 16:48:34'),(2,1,'network-theory-354456','network-theory','2026-02-11 16:58:59','2026-02-11 16:58:59'),(3,3,'basics-of-computer-system-597983','basics-of-computer-system','2026-02-11 17:07:46','2026-02-11 17:07:46'),(14,3,'fundamental-of-c-language-984262','fundamental-of-c-language','2026-02-11 17:26:09','2026-02-11 17:26:09'),(19,19,'physics-785455','physics','2026-02-11 17:34:55','2026-02-11 17:34:55'),(62,1,'control-systems-644571','control-systems','2026-02-11 18:31:42','2026-02-11 18:31:42'),(63,3,'foundation-of-engineering-math-867168','foundation-of-engineering-math','2026-02-11 18:36:31','2026-02-11 18:36:31'),(152,1,'communication-system-614275','communication-system','2026-02-11 19:07:02','2026-02-11 19:07:02'),(153,3,'computer-organization-and-architecture-025928','computer-organization-and-architecture','2026-02-11 19:07:46','2026-02-11 19:07:46'),(155,3,'algorithms-208750','algorithms','2026-02-12 05:47:57','2026-02-12 05:47:57'),(156,3,'c---with-oops-327948','c---with-oops','2026-02-12 07:46:13','2026-02-12 07:46:13'),(166,3,'general-aptitude-by-amulya-ratan-sir-624960','general-aptitude-by-amulya-ratan-sir','2026-02-12 08:25:18','2026-02-12 08:25:18');
/*!40000 ALTER TABLE `subjects` ENABLE KEYS */;
UNLOCK TABLES;

--
-- Table structure for table `teachers`
--

DROP TABLE IF EXISTS `teachers`;
/*!40101 SET @saved_cs_client     = @@character_set_client */;
/*!50503 SET character_set_client = utf8mb4 */;
CREATE TABLE `teachers` (
  `id` bigint NOT NULL AUTO_INCREMENT,
  `teacher_key` varchar(255) NOT NULL,
  `teacher_id` varchar(128) DEFAULT NULL,
  `name` varchar(255) DEFAULT NULL,
  `updated_at` timestamp NOT NULL DEFAULT CURRENT_TIMESTAMP ON UPDATE CURRENT_TIMESTAMP,
  `created_at` timestamp NOT NULL DEFAULT CURRENT_TIMESTAMP,
  PRIMARY KEY (`id`),
  UNIQUE KEY `uniq_teacher_key` (`teacher_key`)
) ENGINE=InnoDB AUTO_INCREMENT=174 DEFAULT CHARSET=utf8mb4 COLLATE=utf8mb4_0900_ai_ci;
/*!40101 SET character_set_client = @saved_cs_client */;

--
-- Dumping data for table `teachers`
--

LOCK TABLES `teachers` WRITE;
/*!40000 ALTER TABLE `teachers` DISABLE KEYS */;
INSERT INTO `teachers` VALUES (1,'6330406b58902c001c232d2f','6330406b58902c001c232d2f',NULL,'2026-02-11 16:48:35','2026-02-11 16:48:35'),(2,'641bfaf71fb7b80018bda43e','641bfaf71fb7b80018bda43e',NULL,'2026-02-11 16:59:01','2026-02-11 16:59:01'),(3,'65cefec6b3274c00184487e1','65cefec6b3274c00184487e1',NULL,'2026-02-11 17:07:46','2026-02-11 17:07:46'),(14,'65af6bc835986f0018abd5dd','65af6bc835986f0018abd5dd',NULL,'2026-02-11 17:26:09','2026-02-11 17:26:09'),(19,'6251941059982a0018729d57','6251941059982a0018729d57',NULL,'2026-02-11 17:34:58','2026-02-11 17:34:58'),(62,'66430a500d2e6d00180d38e3','66430a500d2e6d00180d38e3',NULL,'2026-02-11 18:31:42','2026-02-11 18:31:42'),(63,'65d46eb0dc95c9001877a121','65d46eb0dc95c9001877a121',NULL,'2026-02-11 18:36:31','2026-02-11 18:36:31'),(152,'633004955716bd00115faf15','633004955716bd00115faf15',NULL,'2026-02-11 19:07:05','2026-02-11 19:07:05'),(155,'6673fe39b3603e001879916a','6673fe39b3603e001879916a',NULL,'2026-02-12 05:47:58','2026-02-12 05:47:58'),(166,'632f134c6f125000113f9d59','632f134c6f125000113f9d59',NULL,'2026-02-12 08:25:18','2026-02-12 08:25:18');
/*!40000 ALTER TABLE `teachers` ENABLE KEYS */;
UNLOCK TABLES;
/*!40103 SET TIME_ZONE=@OLD_TIME_ZONE */;

/*!40101 SET SQL_MODE=@OLD_SQL_MODE */;
/*!40014 SET FOREIGN_KEY_CHECKS=@OLD_FOREIGN_KEY_CHECKS */;
/*!40014 SET UNIQUE_CHECKS=@OLD_UNIQUE_CHECKS */;
/*!40101 SET CHARACTER_SET_CLIENT=@OLD_CHARACTER_SET_CLIENT */;
/*!40101 SET CHARACTER_SET_RESULTS=@OLD_CHARACTER_SET_RESULTS */;
/*!40101 SET COLLATION_CONNECTION=@OLD_COLLATION_CONNECTION */;
/*!40111 SET SQL_NOTES=@OLD_SQL_NOTES */;

-- Dump completed on 2026-02-12  8:49:27
